DISTRITO,COD_DIST,UGM,P10_Mean,P10_Dstdev,AMENAZA_SECA_NORMALIZACION_BASE_100,CATEGORIA_AMENAZA_SECA
Liberia           ,50101,38541,1066.509,2.614,81.355,Alto
Liberia           ,50101,38555,1103.425,1.498,75.23,Medio
Liberia           ,50101,38563,1106.406,2.0,74.736,Medio
Liberia           ,50101,38575,1080.001,1.892,79.116,Alto Medio
Liberia           ,50101,38584,1097.642,1.513,76.19,Medio
Liberia           ,50101,38589,1096.167,1.436,76.435,Medio
Liberia           ,50101,38592,1100.306,0.168,75.748,Medio
Liberia           ,50101,38595,1079.872,2.532,79.138,Alto Medio
Liberia           ,50101,38606,1083.63,0.304,78.514,Alto Medio
Liberia           ,50101,38611,1074.662,1.58,80.002,Alto Medio
Liberia           ,50101,38626,1084.164,1.245,78.426,Alto Medio
Liberia           ,50101,38627,1056.538,2.786,83.009,Alto
Liberia           ,50101,38639,1191.028,7.096,60.698,Bajo Medio
Liberia           ,50101,38662,1103.797,1.577,75.169,Medio
Liberia           ,50101,38668,1086.359,0.0,78.062,Alto Medio
Liberia           ,50101,38678,1112.133,1.854,73.786,Bajo Medio
Liberia           ,50101,38702,1104.982,1.596,74.972,Medio
Liberia           ,50101,38726,1103.611,0.142,75.2,Medio
Liberia           ,50101,38730,1104.638,1.685,75.029,Medio
Liberia           ,50101,38740,1104.367,0.282,75.074,Medio
Liberia           ,50101,38750,1088.948,1.94,77.632,Alto Medio
Liberia           ,50101,38758,1084.38,1.674,78.39,Alto Medio
Liberia           ,50101,38796,1098.101,1.483,76.114,Medio
Liberia           ,50101,38797,1095.093,0.0,76.613,Medio
Liberia           ,50101,38817,1105.266,1.462,74.925,Medio
Liberia           ,50101,38831,1107.89,1.587,74.49,Medio
Liberia           ,50101,38839,1077.176,1.356,79.585,Alto Medio
Liberia           ,50101,38840,1062.697,2.06,81.987,Alto
Liberia           ,50101,38844,1101.133,0.0,75.611,Medio
Liberia           ,50101,38854,1085.169,1.974,78.259,Alto Medio
Liberia           ,50101,38856,1083.18,0.488,78.589,Alto Medio
Liberia           ,50101,38858,1099.236,1.45,75.925,Medio
Liberia           ,50101,38859,1090.448,1.063,77.383,Alto Medio
Liberia           ,50101,38867,1096.893,1.99,76.314,Medio
Liberia           ,50101,38876,1064.407,1.651,81.703,Alto
Liberia           ,50101,38878,1102.596,1.689,75.368,Medio
Liberia           ,50101,38879,1107.212,0.102,74.602,Medio
Liberia           ,50101,38885,1086.271,1.431,78.076,Alto Medio
Liberia           ,50101,38886,1090.864,1.442,77.314,Medio
Liberia           ,50101,38893,1088.25,1.542,77.748,Alto Medio
Liberia           ,50101,38901,1114.654,0.109,73.368,Bajo Medio
Liberia           ,50101,38903,1077.364,0.518,79.554,Alto Medio
Liberia           ,50101,38911,1134.314,0.104,70.106,Bajo Medio
Liberia           ,50101,38929,1104.188,1.801,75.104,Medio
Liberia           ,50101,38933,1104.871,0.0,74.991,Medio
Liberia           ,50101,38934,1063.122,1.701,81.916,Alto
Liberia           ,50101,38935,1103.809,0.0,75.167,Medio
Liberia           ,50101,38943,1079.579,1.568,79.186,Alto Medio
Liberia           ,50101,38949,1108.17,0.139,74.443,Medio
Liberia           ,50101,38971,1107.987,0.177,74.474,Medio
Liberia           ,50101,38978,1087.204,0.306,77.921,Alto Medio
Liberia           ,50101,38987,1086.062,1.019,78.111,Alto Medio
Liberia           ,50101,38990,1104.315,0.0,75.083,Medio
Liberia           ,50101,39037,1081.487,2.007,78.87,Alto Medio
Liberia           ,50101,39041,1106.1,1.569,74.787,Medio
Liberia           ,50101,39061,1120.711,0.0,72.363,Bajo Medio
Liberia           ,50101,39071,1106.634,1.773,74.698,Medio
Liberia           ,50101,39073,1073.144,1.602,80.254,Alto Medio
Liberia           ,50101,39080,1106.339,1.626,74.747,Medio
Liberia           ,50101,39119,1073.902,1.694,80.128,Alto Medio
Liberia           ,50101,39121,1079.61,1.503,79.181,Alto Medio
Liberia           ,50101,39122,1108.374,0.132,74.409,Medio
Liberia           ,50101,39129,1108.316,1.641,74.419,Medio
Liberia           ,50101,39132,1088.45,1.533,77.715,Alto Medio
Liberia           ,50101,39134,1100.168,0.136,75.771,Medio
Liberia           ,50101,39139,1110.617,1.485,74.037,Medio
Liberia           ,50101,39140,1085.981,2.281,78.124,Alto Medio
Liberia           ,50101,39151,1085.57,0.0,78.193,Alto Medio
Liberia           ,50101,39156,1086.068,0.444,78.11,Alto Medio
Liberia           ,50101,39158,1110.398,0.154,74.074,Medio
Liberia           ,50101,39161,1082.069,1.827,78.773,Alto Medio
Liberia           ,50101,39166,1121.608,1.698,72.214,Bajo Medio
Liberia           ,50101,39171,1106.473,1.943,74.725,Medio
Liberia           ,50101,39199,1104.465,1.88,75.058,Medio
Liberia           ,50101,39204,1083.003,1.542,78.618,Alto Medio
Liberia           ,50101,39210,1082.79,0.0,78.654,Alto Medio
Liberia           ,50101,39214,1068.861,1.581,80.964,Alto
Liberia           ,50101,39218,1120.486,0.021,72.4,Bajo Medio
Liberia           ,50101,39251,1120.066,1.644,72.47,Bajo Medio
Liberia           ,50101,39290,1104.437,1.481,75.063,Medio
Liberia           ,50101,39319,1092.619,2.019,77.023,Medio
Liberia           ,50101,39320,1057.038,2.809,82.926,Alto
Liberia           ,50101,39324,1101.421,0.205,75.563,Medio
Liberia           ,50101,39327,1102.284,0.175,75.42,Medio
Liberia           ,50101,39334,1124.076,1.726,71.805,Bajo Medio
Liberia           ,50101,39354,1112.907,2.03,73.657,Bajo Medio
Liberia           ,50101,39356,1085.57,0.0,78.193,Alto Medio
Liberia           ,50101,39379,1085.917,1.055,78.135,Alto Medio
Liberia           ,50101,39380,1109.397,1.621,74.24,Medio
Liberia           ,50101,39384,1063.994,0.0,81.772,Alto
Liberia           ,50101,39413,1079.852,1.479,79.141,Alto Medio
Liberia           ,50101,39414,1087.224,0.0,77.918,Alto Medio
Liberia           ,50101,39418,1104.47,1.971,75.057,Medio
Liberia           ,50101,39421,1100.725,1.652,75.678,Medio
Liberia           ,50101,39436,1088.461,1.897,77.713,Alto Medio
Liberia           ,50101,39439,1057.58,2.649,82.836,Alto
Liberia           ,50101,39454,1117.607,1.528,72.878,Bajo Medio
Liberia           ,50101,39502,1086.108,0.0,78.103,Alto Medio
Liberia           ,50101,39507,1103.266,1.36,75.257,Medio
Liberia           ,50101,39508,1090.874,1.64,77.313,Medio
Liberia           ,50101,39509,1085.837,0.271,78.148,Alto Medio
Liberia           ,50101,39522,1104.117,1.95,75.116,Medio
Liberia           ,50101,39525,1021.881,9.519,88.758,Alto
Liberia           ,50101,39529,975.273,1.496,96.49,Alto
Liberia           ,50101,39566,1099.484,0.0,75.884,Medio
Liberia           ,50101,39577,1099.889,0.292,75.817,Medio
Liberia           ,50101,39580,1087.329,1.619,77.901,Alto Medio
Liberia           ,50101,39581,1086.086,1.217,78.107,Alto Medio
Liberia           ,50101,39600,1059.144,1.32,82.576,Alto
Liberia           ,50101,39616,1117.747,0.077,72.855,Bajo Medio
Liberia           ,50101,39617,1117.961,0.087,72.819,Bajo Medio
Liberia           ,50101,39635,1107.987,0.177,74.474,Medio
Liberia           ,50101,39657,1084.117,1.888,78.433,Alto Medio
Liberia           ,50101,39674,1050.295,0.965,84.044,Alto
Liberia           ,50101,39696,1101.678,1.477,75.52,Medio
Liberia           ,50101,39723,1090.9,1.437,77.308,Medio
Liberia           ,50101,39728,1089.664,0.404,77.513,Alto Medio
Liberia           ,50101,39732,1100.972,1.709,75.637,Medio
Liberia           ,50101,39740,1107.171,1.871,74.609,Medio
Liberia           ,50101,39772,1117.7,0.0,72.862,Bajo Medio
Liberia           ,50101,39796,1100.082,1.934,75.785,Medio
Liberia           ,50101,39831,1083.302,1.007,78.569,Alto Medio
Liberia           ,50101,39905,1089.403,2.151,77.557,Alto Medio
Liberia           ,50101,39907,1087.891,1.656,77.807,Alto Medio
Liberia           ,50101,39913,1090.56,0.509,77.365,Alto Medio
Liberia           ,50101,39922,1091.753,1.597,77.167,Medio
Liberia           ,50101,39924,1091.554,0.926,77.2,Medio
Liberia           ,50101,39933,1140.677,1.889,69.051,Bajo Medio
Liberia           ,50101,39944,1123.882,0.028,71.837,Bajo Medio
Liberia           ,50101,39947,1103.158,0.235,75.275,Medio
Liberia           ,50101,39964,1074.643,1.518,80.005,Alto Medio
Liberia           ,50101,39982,1108.557,1.795,74.379,Medio
Liberia           ,50101,39998,1055.041,1.665,83.257,Alto
Liberia           ,50101,39999,1097.027,0.19,76.292,Medio
Liberia           ,50101,40011,1080.096,1.434,79.101,Alto Medio
Liberia           ,50101,40016,1098.424,1.317,76.06,Medio
Liberia           ,50101,40025,1106.738,1.634,74.681,Medio
Liberia           ,50101,40032,1102.888,1.73,75.32,Medio
Liberia           ,50101,40038,1053.805,1.752,83.462,Alto
Liberia           ,50101,40089,1088.631,1.837,77.685,Alto Medio
Liberia           ,50101,40128,1083.081,1.633,78.605,Alto Medio
Liberia           ,50101,40134,1054.67,1.261,83.318,Alto
Liberia           ,50101,40158,1085.42,0.354,78.217,Alto Medio
Liberia           ,50101,40231,1087.498,0.46,77.873,Alto Medio
Liberia           ,50101,40233,1099.337,1.815,75.909,Medio
Liberia           ,50101,40242,1067.436,0.41,81.201,Alto
Liberia           ,50101,40250,1115.754,1.604,73.185,Bajo Medio
Liberia           ,50101,40276,1072.775,1.553,80.315,Alto Medio
Liberia           ,50101,40286,1101.554,1.58,75.541,Medio
Liberia           ,50101,40313,1104.871,0.0,74.991,Medio
Liberia           ,50101,40327,1091.212,0.376,77.257,Medio
Liberia           ,50101,40328,1084.257,1.535,78.41,Alto Medio
Liberia           ,50101,40340,1091.747,1.602,77.168,Medio
Liberia           ,50101,40419,1109.272,1.754,74.26,Medio
Liberia           ,50101,40422,1048.819,1.469,84.289,Alto
Liberia           ,50101,40424,1089.022,2.062,77.62,Alto Medio
Liberia           ,50101,40437,1085.599,0.361,78.188,Alto Medio
Liberia           ,50101,40441,1105.577,1.488,74.873,Medio
Liberia           ,50101,40463,1133.664,2.086,70.214,Bajo Medio
Liberia           ,50101,40465,1107.099,0.0,74.621,Medio
Liberia           ,50101,40467,1138.406,2.033,69.427,Bajo Medio
Liberia           ,50101,40496,1113.497,2.45,73.56,Bajo Medio
Liberia           ,50101,40523,1091.62,1.443,77.189,Medio
Liberia           ,50101,40529,1080.8,0.493,78.984,Alto Medio
Liberia           ,50101,40534,1088.245,1.568,77.749,Alto Medio
Liberia           ,50101,40547,1111.592,1.63,73.876,Bajo Medio
Liberia           ,50101,40574,1089.732,1.473,77.502,Alto Medio
Liberia           ,50101,40589,1088.891,1.166,77.642,Alto Medio
Liberia           ,50101,40611,1071.455,0.555,80.534,Alto
Liberia           ,50101,40612,1114.465,2.066,73.399,Bajo Medio
Liberia           ,50101,40634,1109.127,0.141,74.285,Medio
Liberia           ,50101,40652,1097.144,0.236,76.272,Medio
Liberia           ,50101,40662,1088.777,2.564,77.66,Alto Medio
Liberia           ,50101,40668,1112.228,1.491,73.77,Bajo Medio
Liberia           ,50101,40676,1113.727,1.717,73.521,Bajo Medio
Liberia           ,50101,40683,1108.647,0.137,74.364,Medio
Liberia           ,50101,40686,1104.202,1.508,75.101,Medio
Liberia           ,50101,40704,1081.754,1.584,78.825,Alto Medio
Liberia           ,50101,40735,1110.125,0.16,74.119,Medio
Liberia           ,50101,40736,1089.564,0.421,77.53,Alto Medio
Liberia           ,50101,40741,1087.207,1.429,77.921,Alto Medio
Liberia           ,50101,40744,1089.709,0.318,77.506,Alto Medio
Liberia           ,50101,40747,1069.03,1.517,80.936,Alto
Liberia           ,50101,40752,1125.16,1.731,71.625,Bajo Medio
Liberia           ,50101,40755,1073.201,5.577,80.244,Alto Medio
Liberia           ,50101,40764,1102.122,0.244,75.447,Medio
Liberia           ,50101,40782,1075.082,1.498,79.932,Alto Medio
Liberia           ,50101,40827,1127.234,2.182,71.281,Bajo Medio
Liberia           ,50101,40828,1075.547,1.619,79.855,Alto Medio
Liberia           ,50101,40844,1084.943,0.0,78.296,Alto Medio
Liberia           ,50101,40845,1090.599,0.212,77.358,Alto Medio
Liberia           ,50101,40860,1113.391,2.306,73.577,Bajo Medio
Liberia           ,50101,40864,1086.204,0.0,78.087,Alto Medio
Liberia           ,50101,40865,1091.403,1.762,77.225,Medio
Liberia           ,50101,40914,1105.19,0.287,74.938,Medio
Liberia           ,50101,40925,1109.303,1.142,74.255,Medio
Liberia           ,50101,40937,1104.795,1.772,75.003,Medio
Liberia           ,50101,40950,1081.291,1.434,78.902,Alto Medio
Liberia           ,50101,40951,1104.858,0.235,74.993,Medio
Liberia           ,50101,40958,1112.946,0.139,73.651,Bajo Medio
Liberia           ,50101,40961,1094.601,1.661,76.694,Medio
Liberia           ,50101,40981,1096.664,1.565,76.352,Medio
Liberia           ,50101,41013,1102.828,0.0,75.329,Medio
Liberia           ,50101,41014,1107.986,0.0,74.474,Medio
Liberia           ,50101,41022,1105.383,1.875,74.906,Medio
Liberia           ,50101,41041,1106.522,1.309,74.717,Medio
Liberia           ,50101,41048,1100.598,1.756,75.699,Medio
Liberia           ,50101,41051,1045.302,3.522,84.873,Alto
Liberia           ,50101,41065,1108.308,2.118,74.42,Medio
Liberia           ,50101,41075,1086.09,1.154,78.106,Alto Medio
Liberia           ,50101,41168,1110.476,0.166,74.061,Medio
Liberia           ,50101,41169,1107.757,1.48,74.512,Medio
Liberia           ,50101,41206,1110.307,1.959,74.089,Medio
Liberia           ,50101,41231,1100.105,1.254,75.781,Medio
Liberia           ,50101,41279,988.952,7.882,94.22,Alto
Liberia           ,50101,41284,1103.454,1.605,75.226,Medio
Liberia           ,50101,41322,1118.54,1.793,72.723,Bajo Medio
Liberia           ,50101,41345,1107.755,1.62,74.512,Medio
Liberia           ,50101,41378,1089.92,1.358,77.471,Alto Medio
Liberia           ,50101,41392,1086.939,1.772,77.965,Alto Medio
Liberia           ,50101,41400,1111.941,1.769,73.818,Bajo Medio
Liberia           ,50101,41428,1067.579,0.618,81.177,Alto
Liberia           ,50101,41429,1115.375,1.834,73.248,Bajo Medio
Liberia           ,50101,41455,1102.478,2.021,75.388,Medio
Liberia           ,50101,41460,1104.39,1.325,75.07,Medio
Liberia           ,50101,41487,1109.965,0.0,74.145,Medio
Liberia           ,50101,41489,1111.816,1.501,73.839,Bajo Medio
Liberia           ,50101,41493,1108.564,0.132,74.378,Medio
Liberia           ,50101,41505,1072.531,1.334,80.355,Alto Medio
Liberia           ,50101,41518,1105.087,1.834,74.955,Medio
Liberia           ,50101,41554,1094.476,1.578,76.715,Medio
Liberia           ,50101,41560,1084.897,1.7,78.304,Alto Medio
Liberia           ,50101,41564,1088.535,1.326,77.701,Alto Medio
Liberia           ,50101,41587,1084.453,1.8,78.378,Alto Medio
Liberia           ,50101,41590,1088.733,0.422,77.668,Alto Medio
Liberia           ,50101,41592,1096.922,0.284,76.309,Medio
Liberia           ,50101,41599,1123.853,0.019,71.842,Bajo Medio
Liberia           ,50101,41600,1091.375,1.509,77.229,Medio
Liberia           ,50101,41620,1070.756,1.71,80.65,Alto
Liberia           ,50101,41647,1104.489,1.387,75.054,Medio
Liberia           ,50101,41676,1087.368,0.38,77.894,Alto Medio
Liberia           ,50101,41680,1106.425,0.287,74.733,Medio
Liberia           ,50101,41693,1086.059,0.306,78.111,Alto Medio
Liberia           ,50101,41696,1175.011,7.59,63.355,Bajo Medio
Liberia           ,50101,41703,1115.793,1.571,73.179,Bajo Medio
Liberia           ,50101,41716,1094.612,2.595,76.693,Medio
Liberia           ,50101,41726,1091.72,0.0,77.172,Medio
Liberia           ,50101,41748,1085.316,2.035,78.235,Alto Medio
Liberia           ,50101,41787,1108.355,1.594,74.413,Medio
Liberia           ,50101,41797,1077.847,1.522,79.474,Alto Medio
Liberia           ,50101,41799,971.881,1.925,97.052,Alto
Liberia           ,50101,41822,1098.04,2.093,76.124,Medio
Liberia           ,50101,41823,1120.052,2.674,72.472,Bajo Medio
Liberia           ,50101,41848,1109.039,0.187,74.299,Medio
Liberia           ,50101,41900,1064.052,0.579,81.762,Alto
Liberia           ,50101,41921,1058.443,1.173,82.693,Alto
Liberia           ,50101,41925,1114.757,1.711,73.351,Bajo Medio
Liberia           ,50101,41955,1121.09,2.03,72.3,Bajo Medio
Liberia           ,50101,41969,1079.998,1.23,79.117,Alto Medio
Liberia           ,50101,41971,1108.875,0.148,74.326,Medio
Liberia           ,50101,41972,1120.563,0.0,72.387,Bajo Medio
Liberia           ,50101,41988,1099.983,0.235,75.801,Medio
Liberia           ,50101,42017,1102.462,1.303,75.39,Medio
Liberia           ,50101,42029,1078.58,1.845,79.352,Alto Medio
Liberia           ,50101,42035,1040.804,4.783,85.619,Alto
Liberia           ,50101,42040,1087.384,1.155,77.892,Alto Medio
Liberia           ,50101,42049,1056.636,0.707,82.992,Alto
Liberia           ,50101,42064,1085.071,0.351,78.275,Alto Medio
Liberia           ,50101,42067,1100.539,0.0,75.709,Medio
Liberia           ,50101,42074,1100.011,1.499,75.797,Medio
Liberia           ,50101,42090,1098.358,1.981,76.071,Medio
Liberia           ,50101,42157,1108.773,0.157,74.343,Medio
Liberia           ,50101,42158,1138.311,0.177,69.443,Bajo Medio
Liberia           ,50101,42169,1067.529,1.6,81.185,Alto
Liberia           ,50101,42188,1089.683,0.355,77.51,Alto Medio
Liberia           ,50101,42201,1138.617,2.537,69.392,Bajo Medio
Liberia           ,50101,42220,1100.765,0.166,75.672,Medio
Liberia           ,50101,42223,1105.713,0.178,74.851,Medio
Liberia           ,50101,42244,1081.883,1.548,78.804,Alto Medio
Liberia           ,50101,42258,1076.006,0.419,79.779,Alto Medio
Liberia           ,50101,42271,1107.276,1.56,74.592,Medio
Liberia           ,50101,42275,1100.562,2.521,75.705,Medio
Liberia           ,50101,42283,1089.781,1.786,77.494,Alto Medio
Liberia           ,50101,42287,1134.008,0.095,70.157,Bajo Medio
Liberia           ,50101,42316,1084.062,0.307,78.443,Alto Medio
Liberia           ,50101,42337,1103.457,1.752,75.225,Medio
Liberia           ,50101,42341,1089.622,1.554,77.52,Alto Medio
Liberia           ,50101,42343,1080.858,2.021,78.974,Alto Medio
Liberia           ,50101,42382,1090.572,1.964,77.363,Alto Medio
Liberia           ,50101,42399,1085.356,1.509,78.228,Alto Medio
Liberia           ,50101,42402,1099.444,0.252,75.891,Medio
Liberia           ,50101,42413,1076.487,1.427,79.699,Alto Medio
Liberia           ,50101,42436,1080.758,2.607,78.991,Alto Medio
Liberia           ,50101,42446,1098.927,0.297,75.977,Medio
Liberia           ,50101,42451,1132.473,1.656,70.412,Bajo Medio
Liberia           ,50101,42472,1079.341,2.777,79.226,Alto Medio
Liberia           ,50101,42478,1103.893,0.0,75.153,Medio
Liberia           ,50101,42487,1096.477,1.355,76.383,Medio
Liberia           ,50101,42499,1113.259,1.637,73.599,Bajo Medio
Liberia           ,50101,42550,1118.001,0.117,72.812,Bajo Medio
Liberia           ,50101,42557,1102.45,0.236,75.392,Medio
Liberia           ,50101,42562,1078.958,0.476,79.289,Alto Medio
Liberia           ,50101,42566,1092.811,1.28,76.991,Medio
Liberia           ,50101,42574,1106.7,1.571,74.687,Medio
Liberia           ,50101,42577,1110.334,0.166,74.084,Medio
Liberia           ,50101,42594,1085.035,0.0,78.281,Alto Medio
Liberia           ,50101,42596,1070.91,2.239,80.624,Alto
Liberia           ,50101,42628,1100.309,0.166,75.747,Medio
Liberia           ,50101,42652,1116.125,1.446,73.124,Bajo Medio
Liberia           ,50101,42669,1127.051,0.002,71.311,Bajo Medio
Liberia           ,50101,42671,1091.015,1.535,77.289,Medio
Liberia           ,50101,42678,1064.142,1.73,81.747,Alto
Liberia           ,50101,42697,1115.359,2.19,73.251,Bajo Medio
Liberia           ,50101,42700,1057.488,1.347,82.851,Alto
Liberia           ,50101,42707,1099.307,1.708,75.914,Medio
Liberia           ,50101,42716,1121.937,2.472,72.159,Bajo Medio
Liberia           ,50101,42749,1076.547,1.917,79.689,Alto Medio
Liberia           ,50101,42767,1105.167,0.0,74.941,Medio
Liberia           ,50101,42769,1111.224,0.104,73.937,Bajo Medio
Liberia           ,50101,42770,1088.239,1.561,77.75,Alto Medio
Liberia           ,50101,42771,1070.038,1.417,80.769,Alto
Liberia           ,50101,42778,1100.925,0.162,75.645,Medio
Liberia           ,50101,42780,1090.628,1.522,77.353,Alto Medio
Liberia           ,50101,42791,1095.24,0.287,76.588,Medio
Liberia           ,50101,42793,1094.502,1.601,76.711,Medio
Liberia           ,50101,42830,1072.237,2.406,80.404,Alto Medio
Liberia           ,50101,42833,1120.563,0.039,72.387,Bajo Medio
Liberia           ,50101,42836,1114.642,2.469,73.37,Bajo Medio
Liberia           ,50101,42857,1066.068,14.126,81.428,Alto
Liberia           ,50101,42864,1108.364,1.557,74.411,Medio
Liberia           ,50101,42878,1109.81,0.156,74.171,Medio
Liberia           ,50101,42882,1088.505,1.532,77.706,Alto Medio
Liberia           ,50101,42884,1070.609,1.275,80.674,Alto
Liberia           ,50101,42925,1079.212,2.326,79.247,Alto Medio
Liberia           ,50101,42941,1066.214,0.443,81.403,Alto
Liberia           ,50101,43000,1134.518,0.0,70.072,Bajo Medio
Liberia           ,50101,43003,1065.513,1.449,81.52,Alto
Liberia           ,50101,43006,1083.922,2.266,78.466,Alto Medio
Liberia           ,50101,43013,1084.661,0.31,78.343,Alto Medio
Liberia           ,50101,43017,1087.861,0.241,77.812,Alto Medio
Liberia           ,50101,43043,1094.374,1.705,76.732,Medio
Liberia           ,50101,43080,1110.187,0.171,74.109,Medio
Liberia           ,50101,43102,1096.756,0.224,76.337,Medio
Liberia           ,50101,43124,1134.336,0.0,70.103,Bajo Medio
Liberia           ,50101,43141,1085.107,1.537,78.269,Alto Medio
Liberia           ,50101,43145,1098.752,0.241,76.006,Medio
Liberia           ,50101,43168,1044.065,2.191,85.078,Alto
Liberia           ,50101,43177,1105.889,0.227,74.822,Medio
Liberia           ,50101,43179,1084.578,1.267,78.357,Alto Medio
Liberia           ,50101,43181,1078.077,0.531,79.436,Alto Medio
Liberia           ,50101,43189,1087.737,0.292,77.833,Alto Medio
Liberia           ,50101,43194,1083.637,1.686,78.513,Alto Medio
Liberia           ,50101,43221,971.669,1.677,97.088,Alto
Liberia           ,50101,43224,1108.936,1.527,74.316,Medio
Liberia           ,50101,43248,1131.233,1.528,70.617,Bajo Medio
Liberia           ,50101,43268,1100.706,2.127,75.682,Medio
Liberia           ,50101,43272,1071.556,1.512,80.517,Alto
Liberia           ,50101,43278,1085.785,0.299,78.157,Alto Medio
Liberia           ,50101,43324,1111.382,1.682,73.91,Bajo Medio
Liberia           ,50101,43336,1071.828,6.618,80.472,Alto Medio
Liberia           ,50101,43346,1091.762,0.0,77.165,Medio
Liberia           ,50101,43393,1081.652,1.774,78.842,Alto Medio
Liberia           ,50101,43403,1134.168,0.0,70.13,Bajo Medio
Liberia           ,50101,43438,1051.466,0.33,83.85,Alto
Liberia           ,50101,43439,1050.324,1.748,84.039,Alto
Liberia           ,50101,43450,1108.091,1.538,74.456,Medio
Liberia           ,50101,43454,1106.299,1.378,74.754,Medio
Liberia           ,50101,43486,1113.063,1.611,73.632,Bajo Medio
Liberia           ,50101,43489,1123.661,2.061,71.873,Bajo Medio
Liberia           ,50101,43503,1067.217,0.442,81.237,Alto
Liberia           ,50101,43513,1051.428,0.717,83.856,Alto
Liberia           ,50101,43514,1103.988,1.461,75.137,Medio
Liberia           ,50101,43516,1115.457,1.885,73.234,Bajo Medio
Liberia           ,50101,43521,1084.586,2.006,78.356,Alto Medio
Liberia           ,50101,43560,1088.756,0.306,77.664,Alto Medio
Liberia           ,50101,43562,1103.154,1.706,75.275,Medio
Liberia           ,50101,43572,1107.108,1.274,74.619,Medio
Liberia           ,50101,43577,1074.751,1.975,79.987,Alto Medio
Liberia           ,50101,43584,1086.765,0.333,77.994,Alto Medio
Liberia           ,50101,43586,1066.32,1.549,81.386,Alto
Liberia           ,50101,43592,1098.003,0.271,76.13,Medio
Liberia           ,50101,43611,1073.836,0.0,80.139,Alto Medio
Liberia           ,50101,43616,1100.277,2.327,75.753,Medio
Liberia           ,50101,43634,1090.189,1.901,77.426,Alto Medio
Liberia           ,50101,43653,1067.304,1.582,81.223,Alto
Liberia           ,50101,43656,1090.874,0.395,77.313,Medio
Liberia           ,50101,43659,1087.858,0.371,77.813,Alto Medio
Liberia           ,50101,43662,1106.507,2.365,74.719,Medio
Liberia           ,50101,43664,1119.477,1.509,72.568,Bajo Medio
Liberia           ,50101,43713,1102.126,3.324,75.446,Medio
Liberia           ,50101,43717,1120.584,2.431,72.384,Bajo Medio
Liberia           ,50101,43720,1108.501,0.0,74.388,Medio
Liberia           ,50101,43722,1083.716,0.0,78.5,Alto Medio
Liberia           ,50101,43733,1104.598,1.427,75.036,Medio
Liberia           ,50101,43734,1052.832,0.698,83.623,Alto
Liberia           ,50101,43763,1143.286,1.862,68.618,Bajo Medio
Liberia           ,50101,43767,1086.311,1.653,78.07,Alto Medio
Liberia           ,50101,43771,1113.279,4.649,73.596,Bajo Medio
Liberia           ,50101,43795,1052.973,0.702,83.6,Alto
Liberia           ,50101,43815,1105.691,1.786,74.855,Medio
Liberia           ,50101,43822,1012.48,14.065,90.317,Alto
Liberia           ,50101,43835,1107.461,1.418,74.561,Medio
Liberia           ,50101,43869,1059.088,3.329,82.586,Alto
Liberia           ,50101,43874,1086.437,0.546,78.049,Alto Medio
Liberia           ,50101,43884,1118.049,1.938,72.804,Bajo Medio
Liberia           ,50101,43908,1089.392,1.539,77.558,Alto Medio
Liberia           ,50101,43910,1076.857,1.755,79.638,Alto Medio
Liberia           ,50101,43927,1080.681,1.778,79.003,Alto Medio
Liberia           ,50101,43950,1085.134,1.384,78.265,Alto Medio
Liberia           ,50101,43984,1108.268,0.266,74.427,Medio
Liberia           ,50101,43992,1114.622,2.233,73.373,Bajo Medio
Liberia           ,50101,44006,1099.301,1.968,75.915,Medio
Liberia           ,50101,44010,1127.702,2.33,71.203,Bajo Medio
Liberia           ,50101,44014,1064.088,0.0,81.756,Alto
Liberia           ,50101,44036,1117.679,2.037,72.866,Bajo Medio
Liberia           ,50101,44041,1134.359,0.133,70.099,Bajo Medio
Liberia           ,50101,44043,1125.423,6.175,71.581,Bajo Medio
Liberia           ,50101,44044,1095.993,1.599,76.463,Medio
Liberia           ,50101,44047,1084.934,0.431,78.298,Alto Medio
Liberia           ,50101,44063,1103.723,1.968,75.181,Medio
Liberia           ,50101,44081,1075.772,1.45,79.818,Alto Medio
Liberia           ,50101,44085,1108.238,0.0,74.432,Medio
Liberia           ,50101,44101,1117.375,2.505,72.916,Bajo Medio
Liberia           ,50101,44126,1066.68,1.899,81.326,Alto
Liberia           ,50101,44145,1085.06,0.37,78.277,Alto Medio
Liberia           ,50101,44161,1087.316,1.925,77.903,Alto Medio
Liberia           ,50101,44167,1101.279,1.591,75.587,Medio
Liberia           ,50101,44193,1068.635,1.594,81.002,Alto
Liberia           ,50101,44203,1108.24,0.151,74.432,Medio
Liberia           ,50101,44237,1090.541,1.291,77.368,Alto Medio
Liberia           ,50101,44258,1096.44,2.017,76.389,Medio
Liberia           ,50101,44259,1115.067,81.308,73.299,Bajo Medio
Liberia           ,50101,44263,1050.701,0.791,83.977,Alto
Liberia           ,50101,44273,1087.879,1.798,77.809,Alto Medio
Liberia           ,50101,44317,1106.508,2.024,74.719,Medio
Liberia           ,50101,44329,1104.362,0.0,75.075,Medio
Liberia           ,50101,44344,1050.51,0.836,84.009,Alto
Liberia           ,50101,44363,1040.47,1.38,85.674,Alto
Liberia           ,50101,44375,1097.469,1.879,76.219,Medio
Liberia           ,50101,44382,1094.783,1.496,76.664,Medio
Liberia           ,50101,44387,1120.907,0.079,72.33,Bajo Medio
Liberia           ,50101,44451,1085.441,1.9,78.214,Alto Medio
Liberia           ,50101,44471,1111.037,2.037,73.968,Medio
Liberia           ,50101,44485,1073.552,2.033,80.186,Alto Medio
Liberia           ,50101,44497,1137.048,1.944,69.653,Bajo Medio
Liberia           ,50101,44511,1078.957,1.417,79.289,Alto Medio
Liberia           ,50101,44513,1114.438,0.0,73.404,Bajo Medio
Liberia           ,50101,44524,1115.582,1.646,73.214,Bajo Medio
Liberia           ,50101,44539,1131.26,1.751,70.613,Bajo Medio
Liberia           ,50101,44543,1081.487,1.571,78.87,Alto Medio
Liberia           ,50101,44577,1106.916,0.148,74.651,Medio
Liberia           ,50101,44583,1107.883,1.913,74.491,Medio
Liberia           ,50101,44667,1134.508,0.122,70.074,Bajo Medio
Liberia           ,50101,44679,1106.459,1.702,74.727,Medio
Liberia           ,50101,44683,1091.217,0.0,77.256,Medio
Liberia           ,50101,44684,1107.752,0.165,74.513,Medio
Liberia           ,50101,44690,978.926,1.754,95.884,Alto
Liberia           ,50101,44729,1104.305,0.48,75.084,Medio
Liberia           ,50101,44732,1078.366,1.419,79.388,Alto Medio
Liberia           ,50101,44745,1122.186,1.634,72.118,Bajo Medio
Liberia           ,50101,44761,1106.908,1.369,74.653,Medio
Liberia           ,50101,44763,1107.745,0.0,74.514,Medio
Liberia           ,50101,44776,1025.261,29.128,88.197,Alto
Liberia           ,50101,44791,1100.855,2.092,75.657,Medio
Liberia           ,50101,44795,1088.048,0.404,77.781,Alto Medio
Liberia           ,50101,44805,1122.919,1.781,71.997,Bajo Medio
Liberia           ,50101,44819,1120.582,0.037,72.384,Bajo Medio
Liberia           ,50101,44839,1108.36,0.213,74.412,Medio
Liberia           ,50101,44844,1107.748,1.314,74.513,Medio
Liberia           ,50101,44860,1109.951,0.172,74.148,Medio
Liberia           ,50101,44863,1094.082,0.0,76.78,Medio
Liberia           ,50101,44882,1111.527,1.685,73.886,Bajo Medio
Liberia           ,50101,44895,1140.616,32.276,69.061,Bajo Medio
Liberia           ,50101,44906,1110.133,0.0,74.118,Medio
Liberia           ,50101,44907,1111.406,0.165,73.906,Bajo Medio
Liberia           ,50101,44938,1120.267,1.771,72.437,Bajo Medio
Liberia           ,50101,44943,1095.141,1.826,76.605,Medio
Liberia           ,50101,44985,1080.724,0.483,78.996,Alto Medio
Liberia           ,50101,44986,1106.036,2.043,74.797,Medio
Liberia           ,50101,44989,1131.818,1.802,70.52,Bajo Medio
Liberia           ,50101,44994,1093.98,0.286,76.797,Medio
Liberia           ,50101,45011,1120.195,1.736,72.449,Bajo Medio
Liberia           ,50101,45019,1102.767,1.4,75.34,Medio
Liberia           ,50101,45029,1086.481,0.293,78.041,Alto Medio
Liberia           ,50101,45030,1092.949,2.08,76.968,Medio
Liberia           ,50101,45033,1065.847,1.499,81.464,Alto
Liberia           ,50101,45045,1111.145,1.843,73.95,Medio
Liberia           ,50101,45085,1114.466,1.424,73.399,Bajo Medio
Liberia           ,50101,45093,1100.0,0.0,75.799,Medio
Liberia           ,50101,45095,1082.823,0.294,78.648,Alto Medio
Liberia           ,50101,45118,1111.197,7.241,73.941,Bajo Medio
Liberia           ,50101,45123,1124.525,1.545,71.73,Bajo Medio
Liberia           ,50101,45139,1110.945,1.638,73.983,Medio
Liberia           ,50101,45220,1090.683,0.377,77.344,Alto Medio
Liberia           ,50101,45246,1084.23,1.576,78.415,Alto Medio
Liberia           ,50101,45260,1096.524,0.0,76.375,Medio
Liberia           ,50101,45289,1107.621,1.754,74.534,Medio
Liberia           ,50101,45330,1098.369,1.568,76.069,Medio
Liberia           ,50101,45357,1098.435,1.59,76.058,Medio
Liberia           ,50101,45363,1097.366,2.245,76.236,Medio
Liberia           ,50101,45376,1109.079,1.559,74.293,Medio
Liberia           ,50101,45377,1079.53,1.576,79.194,Alto Medio
Liberia           ,50101,45384,1101.364,1.513,75.572,Medio
Liberia           ,50101,45396,1112.645,1.696,73.701,Bajo Medio
Liberia           ,50101,45401,1109.333,0.195,74.25,Medio
Liberia           ,50101,45423,1065.824,0.0,81.468,Alto
Liberia           ,50101,45424,1097.698,2.124,76.18,Medio
Liberia           ,50101,45453,1089.184,1.648,77.593,Alto Medio
Liberia           ,50101,45481,1098.128,1.466,76.109,Medio
Liberia           ,50101,45529,1109.058,0.0,74.296,Medio
Liberia           ,50101,45547,1081.219,0.421,78.914,Alto Medio
Liberia           ,50101,45589,1070.097,1.297,80.759,Alto
Liberia           ,50101,45593,1108.942,0.144,74.315,Medio
Liberia           ,50101,45606,1085.579,0.374,78.191,Alto Medio
Liberia           ,50101,45647,1107.22,1.747,74.601,Medio
Liberia           ,50101,45682,1117.845,0.0,72.838,Bajo Medio
Liberia           ,50101,45710,1102.487,1.436,75.386,Medio
Liberia           ,50101,45718,1064.596,0.487,81.672,Alto
Liberia           ,50101,45796,1108.794,0.187,74.34,Medio
Liberia           ,50101,45797,1106.532,1.467,74.715,Medio
Liberia           ,50101,45838,1125.512,1.611,71.566,Bajo Medio
Liberia           ,50101,45841,1104.795,1.538,75.003,Medio
Liberia           ,50101,45891,1024.037,5.047,88.4,Alto
Liberia           ,50101,45892,1136.299,1.792,69.777,Bajo Medio
Liberia           ,50101,45899,1085.042,1.197,78.28,Alto Medio
Liberia           ,50101,45917,1134.093,2.431,70.143,Bajo Medio
Liberia           ,50101,45923,1110.412,1.421,74.071,Medio
Liberia           ,50101,45927,1113.104,1.927,73.625,Bajo Medio
Liberia           ,50101,45934,1090.657,0.355,77.349,Alto Medio
Liberia           ,50101,45956,1104.905,1.554,74.985,Medio
Liberia           ,50101,45990,1094.835,0.0,76.656,Medio
Liberia           ,50101,46000,1106.764,1.509,74.677,Medio
Liberia           ,50101,46003,1076.341,1.387,79.723,Alto Medio
Liberia           ,50101,46005,1142.132,2.619,68.809,Bajo Medio
Liberia           ,50101,46010,1080.024,0.42,79.112,Alto Medio
Liberia           ,50101,46020,1137.772,2.371,69.533,Bajo Medio
Liberia           ,50101,72419,1046.246,8.704,84.716,Alto
Liberia           ,50101,72420,1179.232,27.246,62.655,Bajo Medio
Liberia           ,50101,72421,1186.081,6.782,61.519,Bajo Medio
Liberia           ,50101,72422,1125.008,11.031,71.65,Bajo Medio
Liberia           ,50101,72423,1077.034,25.845,79.609,Alto Medio
Liberia           ,50101,72424,1099.618,6.838,75.862,Medio
Liberia           ,50101,72425,1116.423,3.705,73.074,Bajo Medio
Liberia           ,50101,72426,1118.866,2.518,72.669,Bajo Medio
Liberia           ,50101,72427,1104.661,7.952,75.026,Medio
Liberia           ,50101,72428,1007.489,13.184,91.145,Alto
Liberia           ,50101,72429,968.768,9.779,97.569,Alto
Liberia           ,50101,72430,954.113,8.771,100.0,Alto
Liberia           ,50101,72431,970.563,18.307,97.271,Alto
Liberia           ,50101,72432,1036.184,5.397,86.385,Alto
Liberia           ,50101,72433,1052.363,6.793,83.701,Alto
Liberia           ,50101,72434,1061.589,5.803,82.171,Alto
Liberia           ,50101,72435,1063.857,1.701,81.794,Alto
Liberia           ,50101,72436,1074.957,2.121,79.953,Alto Medio
Liberia           ,50101,72437,1087.064,2.274,77.945,Alto Medio
Liberia           ,50101,72438,1089.615,1.236,77.521,Alto Medio
Liberia           ,50101,72439,1087.049,1.556,77.947,Alto Medio
Liberia           ,50101,72440,1081.314,1.662,78.898,Alto Medio
Liberia           ,50101,72441,1084.398,0.874,78.387,Alto Medio
Liberia           ,50101,72442,1086.632,0.303,78.016,Alto Medio
Liberia           ,50101,72443,1050.435,2.157,84.021,Alto
Liberia           ,50101,72444,1087.817,1.476,77.82,Alto Medio
Liberia           ,50101,72445,1089.044,1.617,77.616,Alto Medio
Liberia           ,50101,72446,1096.857,3.214,76.32,Medio
Liberia           ,50101,72447,1095.161,1.493,76.601,Medio
Liberia           ,50101,72448,1102.365,1.35,75.406,Medio
Liberia           ,50101,72449,1102.93,1.282,75.313,Medio
Liberia           ,50101,72450,1103.859,1.589,75.159,Medio
Liberia           ,50101,72451,1116.427,1.524,73.074,Bajo Medio
Liberia           ,50101,72452,1123.344,3.272,71.926,Bajo Medio
Liberia           ,50101,72453,1103.183,1.405,75.271,Medio
Liberia           ,50101,72454,1175.953,42.724,63.199,Bajo Medio
Liberia           ,50101,72455,1522.863,111.455,5.649,Bajo
Liberia           ,50101,72456,1292.917,102.254,43.795,Bajo
Liberia           ,50101,72457,1103.158,2.753,75.275,Medio
Liberia           ,50101,72458,1224.981,5.603,55.065,Bajo
Liberia           ,50101,72459,1089.4,3.486,77.557,Alto Medio
Liberia           ,50101,72460,1083.05,0.382,78.61,Alto Medio
Liberia           ,50101,72461,1134.409,13.191,70.091,Bajo Medio
Liberia           ,50101,72842,1095.515,8.999,76.543,Medio
Cañas Dulces      ,50102,154,1231.831,1.638,53.929,Bajo
Cañas Dulces      ,50102,769,1214.962,4.259,56.727,Bajo
Cañas Dulces      ,50102,2406,1236.51,1.305,53.153,Bajo
Cañas Dulces      ,50102,2887,1223.911,4.832,55.243,Bajo
Cañas Dulces      ,50102,7600,1255.484,1.481,50.005,Bajo
Cañas Dulces      ,50102,9217,1311.674,19.25,40.684,Bajo
Cañas Dulces      ,50102,10925,1262.403,1.882,48.858,Bajo
Cañas Dulces      ,50102,12666,1227.862,2.466,54.587,Bajo
Cañas Dulces      ,50102,14543,1479.672,92.317,12.814,Bajo
Cañas Dulces      ,50102,15738,1189.877,2.512,60.889,Bajo Medio
Cañas Dulces      ,50102,19816,1226.422,2.255,54.826,Bajo
Cañas Dulces      ,50102,20249,1241.096,9.777,52.392,Bajo
Cañas Dulces      ,50102,20998,1194.837,1.274,60.066,Bajo Medio
Cañas Dulces      ,50102,21713,1197.326,1.654,59.653,Bajo
Cañas Dulces      ,50102,22735,1233.562,1.743,53.642,Bajo
Cañas Dulces      ,50102,23147,1196.269,0.866,59.829,Bajo Medio
Cañas Dulces      ,50102,26437,1257.464,2.541,49.677,Bajo
Cañas Dulces      ,50102,26617,1241.137,3.777,52.385,Bajo
Cañas Dulces      ,50102,29528,1229.774,0.786,54.27,Bajo
Cañas Dulces      ,50102,30219,1235.148,2.397,53.379,Bajo
Cañas Dulces      ,50102,32903,1190.137,0.964,60.846,Bajo Medio
Cañas Dulces      ,50102,33318,1266.534,21.046,48.172,Bajo
Cañas Dulces      ,50102,71397,1162.673,10.691,65.402,Bajo Medio
Cañas Dulces      ,50102,71398,1204.265,31.456,58.502,Bajo
Cañas Dulces      ,50102,71399,1192.146,5.991,60.512,Bajo Medio
Cañas Dulces      ,50102,71400,1259.232,43.538,49.384,Bajo
Cañas Dulces      ,50102,71401,1246.137,22.665,51.556,Bajo
Cañas Dulces      ,50102,71402,1223.139,3.466,55.371,Bajo
Cañas Dulces      ,50102,71403,1231.989,1.502,53.903,Bajo
Cañas Dulces      ,50102,71404,1265.924,7.902,48.273,Bajo
Cañas Dulces      ,50102,71405,1401.805,42.808,25.732,Bajo
Mayorga           ,50103,4086,1234.87,11.113,53.425,Bajo
Mayorga           ,50103,7158,1273.739,15.675,46.977,Bajo
Mayorga           ,50103,7216,1255.826,6.968,49.948,Bajo
Mayorga           ,50103,8090,1275.787,11.073,46.637,Bajo
Mayorga           ,50103,8562,1252.842,0.325,50.443,Bajo
Mayorga           ,50103,9725,1326.374,11.135,38.245,Bajo
Mayorga           ,50103,12113,1248.21,3.45,51.212,Bajo
Mayorga           ,50103,14575,1318.735,4.676,39.513,Bajo
Mayorga           ,50103,14985,1226.835,0.0,54.758,Bajo
Mayorga           ,50103,15427,1249.338,2.718,51.025,Bajo
Mayorga           ,50103,19061,1252.826,0.0,50.446,Bajo
Mayorga           ,50103,19102,1229.365,2.58,54.338,Bajo
Mayorga           ,50103,19598,1252.826,0.0,50.446,Bajo
Mayorga           ,50103,27055,1328.521,24.697,37.889,Bajo
Mayorga           ,50103,31332,1245.434,2.648,51.672,Bajo
Mayorga           ,50103,31988,1231.933,3.605,53.912,Bajo
Mayorga           ,50103,32169,1246.403,3.16,51.512,Bajo
Mayorga           ,50103,35640,1225.199,8.386,55.029,Bajo
Mayorga           ,50103,35807,1245.743,2.719,51.621,Bajo
Mayorga           ,50103,36630,1409.245,32.352,24.498,Bajo
Mayorga           ,50103,70754,1213.489,131.057,56.972,Bajo
Mayorga           ,50103,70755,1556.918,55.59,0.0,Bajo
Mayorga           ,50103,70756,1260.888,7.505,49.109,Bajo
Mayorga           ,50103,70757,1183.294,27.255,61.981,Bajo Medio
Mayorga           ,50103,70758,1169.685,49.09,64.239,Bajo Medio
Nacascolo         ,50104,3409,1149.12,8.551,67.65,Bajo Medio
Nacascolo         ,50104,4562,1149.574,11.736,67.575,Bajo Medio
Nacascolo         ,50104,4647,1176.64,11.898,63.085,Bajo Medio
Nacascolo         ,50104,5985,1177.456,7.137,62.949,Bajo Medio
Nacascolo         ,50104,6671,1219.886,1.329,55.911,Bajo
Nacascolo         ,50104,7958,1221.873,0.957,55.581,Bajo
Nacascolo         ,50104,9205,1215.901,1.877,56.572,Bajo
Nacascolo         ,50104,11862,1205.96,5.793,58.221,Bajo
Nacascolo         ,50104,12914,1213.714,4.062,56.935,Bajo
Nacascolo         ,50104,13008,1218.556,0.0,56.131,Bajo
Nacascolo         ,50104,15381,1037.059,45.607,86.24,Alto
Nacascolo         ,50104,17560,1211.737,1.842,57.263,Bajo
Nacascolo         ,50104,18909,1216.009,1.474,56.554,Bajo
Nacascolo         ,50104,20792,1073.963,51.606,80.118,Alto Medio
Nacascolo         ,50104,21997,1204.256,5.942,58.503,Bajo
Nacascolo         ,50104,23130,1221.494,0.965,55.644,Bajo
Nacascolo         ,50104,24723,1166.04,7.397,64.843,Bajo Medio
Nacascolo         ,50104,25932,1166.042,6.281,64.843,Bajo Medio
Nacascolo         ,50104,28117,1166.741,15.066,64.727,Bajo Medio
Nacascolo         ,50104,29907,1213.584,3.629,56.956,Bajo
Nacascolo         ,50104,32800,1193.843,9.631,60.231,Bajo Medio
Nacascolo         ,50104,35203,1208.407,5.913,57.815,Bajo
Nacascolo         ,50104,35570,1214.734,27.511,56.765,Bajo
Nacascolo         ,50104,37589,1084.198,31.79,78.42,Alto Medio
Nacascolo         ,50104,37727,1144.827,17.484,68.362,Bajo Medio
Nacascolo         ,50104,37760,1225.206,1.331,55.028,Bajo
Nacascolo         ,50104,38279,1210.508,0.95,57.466,Bajo
Nacascolo         ,50104,70093,1209.236,6.798,57.677,Bajo
Curubandé         ,50105,1289,1232.543,42.126,53.811,Bajo
Curubandé         ,50105,2746,1138.583,0.009,69.398,Bajo Medio
Curubandé         ,50105,2846,1256.276,16.338,49.874,Bajo
Curubandé         ,50105,6459,1227.045,25.725,54.723,Bajo
Curubandé         ,50105,7130,1131.693,1.987,70.541,Bajo Medio
Curubandé         ,50105,8229,1154.081,1.567,66.827,Bajo Medio
Curubandé         ,50105,8681,1187.068,28.656,61.355,Bajo Medio
Curubandé         ,50105,13091,1186.37,20.138,61.471,Bajo Medio
Curubandé         ,50105,14310,1155.583,1.225,66.578,Bajo Medio
Curubandé         ,50105,15182,1129.781,0.107,70.858,Bajo Medio
Curubandé         ,50105,16760,1129.457,1.109,70.912,Bajo Medio
Curubandé         ,50105,18122,1136.098,2.76,69.81,Bajo Medio
Curubandé         ,50105,21568,1140.801,2.021,69.03,Bajo Medio
Curubandé         ,50105,22459,1134.847,1.084,70.018,Bajo Medio
Curubandé         ,50105,22579,1152.593,1.934,67.074,Bajo Medio
Curubandé         ,50105,22923,1135.97,2.142,69.831,Bajo Medio
Curubandé         ,50105,23571,1151.12,1.353,67.318,Bajo Medio
Curubandé         ,50105,23723,1162.809,5.275,65.379,Bajo Medio
Curubandé         ,50105,26080,1147.704,0.048,67.885,Bajo Medio
Curubandé         ,50105,26791,1137.19,1.208,69.629,Bajo Medio
Curubandé         ,50105,30879,1142.977,2.835,68.669,Bajo Medio
Curubandé         ,50105,35941,1260.805,19.429,49.123,Bajo
Curubandé         ,50105,70094,1138.01,7.548,69.493,Bajo Medio
Curubandé         ,50105,70095,1148.836,2.103,67.697,Bajo Medio
Curubandé         ,50105,70096,1125.754,1.063,71.526,Bajo Medio
Curubandé         ,50105,70097,1131.225,2.354,70.619,Bajo Medio
Curubandé         ,50105,70098,1149.338,7.873,67.614,Bajo Medio
Curubandé         ,50105,70099,1169.128,10.133,64.331,Bajo Medio
Curubandé         ,50105,70100,1299.39,8.865,42.722,Bajo
Curubandé         ,50105,70101,1466.831,138.568,14.945,Bajo
Curubandé         ,50105,70102,1250.982,22.138,50.752,Bajo
Curubandé         ,50105,72849,1133.756,2.339,70.199,Bajo Medio
