DISTRITO,COD_DIST,UGM,P90_Mean,P90_Dstdev,AMENAZA_LLUVIOSA_NORMALIZACION_BASE_100,CATEGORIA_AMENAZA_LLUVIOSA
Liberia           ,50101,38541,2465.265,3.507,24.572,Bajo Medio
Liberia           ,50101,38555,2494.906,2.779,27.516,Medio
Liberia           ,50101,38563,2514.044,3.33,29.417,Medio
Liberia           ,50101,38575,2474.503,3.124,25.489,Bajo Medio
Liberia           ,50101,38584,2506.4,2.442,28.657,Medio
Liberia           ,50101,38589,2497.558,2.484,27.779,Medio
Liberia           ,50101,38592,2520.755,0.669,30.083,Alto Medio
Liberia           ,50101,38595,2478.792,3.679,25.915,Bajo Medio
Liberia           ,50101,38606,2487.245,0.567,26.755,Medio
Liberia           ,50101,38611,2471.984,2.649,25.239,Bajo Medio
Liberia           ,50101,38626,2486.233,2.248,26.655,Medio
Liberia           ,50101,38627,2456.638,4.125,23.715,Bajo Medio
Liberia           ,50101,38639,2217.867,6.074,0.0,Bajo
Liberia           ,50101,38662,2510.135,2.361,29.028,Medio
Liberia           ,50101,38668,2448.256,0.0,22.883,Bajo Medio
Liberia           ,50101,38678,2527.481,3.093,30.751,Alto Medio
Liberia           ,50101,38702,2507.934,2.735,28.81,Medio
Liberia           ,50101,38726,2525.611,0.682,30.566,Alto Medio
Liberia           ,50101,38730,2519.619,2.551,29.97,Alto Medio
Liberia           ,50101,38740,2506.857,0.873,28.703,Medio
Liberia           ,50101,38750,2487.04,3.222,26.735,Medio
Liberia           ,50101,38758,2485.963,2.738,26.628,Bajo Medio
Liberia           ,50101,38796,2505.954,2.374,28.613,Medio
Liberia           ,50101,38797,2495.163,0.0,27.541,Medio
Liberia           ,50101,38817,2513.874,2.104,29.4,Medio
Liberia           ,50101,38831,2509.274,2.774,28.943,Medio
Liberia           ,50101,38839,2464.867,2.32,24.532,Bajo Medio
Liberia           ,50101,38840,2454.017,3.427,23.455,Bajo Medio
Liberia           ,50101,38844,2517.577,0.0,29.768,Medio
Liberia           ,50101,38854,2496.504,2.78,27.675,Medio
Liberia           ,50101,38856,2488.084,0.913,26.838,Medio
Liberia           ,50101,38858,2503.53,2.541,28.372,Medio
Liberia           ,50101,38859,2467.201,2.586,24.764,Bajo Medio
Liberia           ,50101,38867,2503.71,2.864,28.39,Medio
Liberia           ,50101,38876,2456.483,2.648,23.7,Bajo Medio
Liberia           ,50101,38878,2522.867,2.497,30.293,Alto Medio
Liberia           ,50101,38879,2528.895,0.569,30.892,Alto Medio
Liberia           ,50101,38885,2486.953,2.307,26.726,Medio
Liberia           ,50101,38886,2486.444,2.649,26.675,Medio
Liberia           ,50101,38893,2501.114,2.668,28.132,Medio
Liberia           ,50101,38901,2532.075,0.699,31.208,Alto Medio
Liberia           ,50101,38903,2470.029,0.776,25.045,Bajo Medio
Liberia           ,50101,38911,2571.581,0.717,35.131,Alto Medio
Liberia           ,50101,38929,2523.45,2.919,30.351,Alto Medio
Liberia           ,50101,38933,2520.094,0.0,30.018,Alto Medio
Liberia           ,50101,38934,2429.019,3.763,20.972,Bajo Medio
Liberia           ,50101,38935,2524.661,0.0,30.471,Alto Medio
Liberia           ,50101,38943,2482.644,2.143,26.298,Bajo Medio
Liberia           ,50101,38949,2524.077,0.648,30.413,Alto Medio
Liberia           ,50101,38971,2524.928,0.826,30.498,Alto Medio
Liberia           ,50101,38978,2501.897,0.735,28.21,Medio
Liberia           ,50101,38987,2444.448,2.186,22.504,Bajo Medio
Liberia           ,50101,38990,2522.401,0.0,30.247,Alto Medio
Liberia           ,50101,39037,2481.433,3.197,26.178,Bajo Medio
Liberia           ,50101,39041,2503.991,2.809,28.418,Medio
Liberia           ,50101,39061,2543.396,0.0,32.332,Alto Medio
Liberia           ,50101,39071,2512.16,3.36,29.23,Medio
Liberia           ,50101,39073,2476.382,2.837,25.676,Bajo Medio
Liberia           ,50101,39080,2522.438,2.093,30.25,Alto Medio
Liberia           ,50101,39119,2468.874,2.397,24.93,Bajo Medio
Liberia           ,50101,39121,2472.687,2.496,25.309,Bajo Medio
Liberia           ,50101,39122,2523.143,0.594,30.32,Alto Medio
Liberia           ,50101,39129,2518.947,2.691,29.904,Medio
Liberia           ,50101,39132,2480.993,2.497,26.134,Bajo Medio
Liberia           ,50101,39134,2521.325,0.568,30.14,Alto Medio
Liberia           ,50101,39139,2512.874,2.63,29.301,Medio
Liberia           ,50101,39140,2499.081,3.997,27.931,Medio
Liberia           ,50101,39151,2483.654,0.0,26.398,Bajo Medio
Liberia           ,50101,39156,2448.715,0.701,22.928,Bajo Medio
Liberia           ,50101,39158,2514.773,0.598,29.489,Medio
Liberia           ,50101,39161,2480.235,2.966,26.059,Bajo Medio
Liberia           ,50101,39166,2544.768,3.339,32.468,Alto Medio
Liberia           ,50101,39171,2514.849,3.383,29.497,Medio
Liberia           ,50101,39199,2526.877,2.614,30.691,Alto Medio
Liberia           ,50101,39204,2484.044,2.364,26.437,Bajo Medio
Liberia           ,50101,39210,2479.094,0.0,25.945,Bajo Medio
Liberia           ,50101,39214,2463.612,2.525,24.408,Bajo Medio
Liberia           ,50101,39218,2547.531,0.582,32.743,Alto Medio
Liberia           ,50101,39251,2538.99,2.771,31.894,Alto Medio
Liberia           ,50101,39290,2514.284,2.58,29.441,Medio
Liberia           ,50101,39319,2501.809,3.245,28.202,Medio
Liberia           ,50101,39320,2420.326,3.676,20.109,Bajo
Liberia           ,50101,39324,2516.539,0.738,29.664,Medio
Liberia           ,50101,39327,2513.557,0.589,29.368,Medio
Liberia           ,50101,39334,2548.702,2.751,32.859,Alto Medio
Liberia           ,50101,39354,2521.358,3.067,30.143,Alto Medio
Liberia           ,50101,39356,2483.654,0.0,26.398,Bajo Medio
Liberia           ,50101,39379,2448.975,2.939,22.954,Bajo Medio
Liberia           ,50101,39380,2524.408,2.773,30.446,Alto Medio
Liberia           ,50101,39384,2455.819,0.0,23.634,Bajo Medio
Liberia           ,50101,39413,2479.918,2.351,26.027,Bajo Medio
Liberia           ,50101,39414,2490.563,0.0,27.085,Medio
Liberia           ,50101,39418,2524.591,3.16,30.464,Alto Medio
Liberia           ,50101,39421,2504.576,2.816,28.476,Medio
Liberia           ,50101,39436,2498.292,3.524,27.852,Medio
Liberia           ,50101,39439,2448.7,3.112,22.927,Bajo Medio
Liberia           ,50101,39454,2534.64,2.854,31.462,Alto Medio
Liberia           ,50101,39502,2492.823,0.0,27.309,Medio
Liberia           ,50101,39507,2498.879,2.663,27.91,Medio
Liberia           ,50101,39508,2490.243,2.403,27.053,Medio
Liberia           ,50101,39509,2493.378,0.555,27.364,Medio
Liberia           ,50101,39522,2507.182,3.209,28.735,Medio
Liberia           ,50101,39525,2274.269,3.74,5.602,Bajo
Liberia           ,50101,39529,2364.444,1.434,14.558,Bajo
Liberia           ,50101,39566,2508.168,0.0,28.833,Medio
Liberia           ,50101,39577,2506.983,0.846,28.715,Medio
Liberia           ,50101,39580,2482.113,2.728,26.245,Bajo Medio
Liberia           ,50101,39581,2444.045,2.272,22.464,Bajo Medio
Liberia           ,50101,39600,2417.38,1.659,19.816,Bajo
Liberia           ,50101,39616,2536.847,0.641,31.682,Alto Medio
Liberia           ,50101,39617,2535.122,0.681,31.51,Alto Medio
Liberia           ,50101,39635,2524.931,0.828,30.498,Alto Medio
Liberia           ,50101,39657,2485.624,3.009,26.594,Bajo Medio
Liberia           ,50101,39674,2409.624,1.931,19.046,Bajo
Liberia           ,50101,39696,2507.357,2.464,28.753,Medio
Liberia           ,50101,39723,2489.506,2.492,26.98,Medio
Liberia           ,50101,39728,2450.597,0.684,23.115,Bajo Medio
Liberia           ,50101,39732,2501.923,2.885,28.213,Medio
Liberia           ,50101,39740,2525.219,2.873,30.527,Alto Medio
Liberia           ,50101,39772,2537.245,0.0,31.721,Alto Medio
Liberia           ,50101,39796,2504.583,3.854,28.477,Medio
Liberia           ,50101,39831,2440.588,5.304,22.121,Bajo Medio
Liberia           ,50101,39905,2496.722,3.207,27.696,Medio
Liberia           ,50101,39907,2489.656,2.595,26.994,Medio
Liberia           ,50101,39913,2465.504,0.923,24.596,Bajo Medio
Liberia           ,50101,39922,2489.561,2.684,26.985,Medio
Liberia           ,50101,39924,2479.534,2.669,25.989,Bajo Medio
Liberia           ,50101,39933,2582.508,2.694,36.217,Alto Medio
Liberia           ,50101,39944,2548.115,0.697,32.801,Alto Medio
Liberia           ,50101,39947,2510.68,0.762,29.083,Medio
Liberia           ,50101,39964,2457.969,2.486,23.847,Bajo Medio
Liberia           ,50101,39982,2506.415,3.263,28.659,Medio
Liberia           ,50101,39998,2446.79,1.811,22.737,Bajo Medio
Liberia           ,50101,39999,2515.916,0.65,29.603,Medio
Liberia           ,50101,40011,2469.468,2.313,24.989,Bajo Medio
Liberia           ,50101,40016,2502.655,3.12,28.286,Medio
Liberia           ,50101,40025,2524.229,2.737,30.428,Alto Medio
Liberia           ,50101,40032,2522.175,2.529,30.224,Alto Medio
Liberia           ,50101,40038,2447.289,2.221,22.787,Bajo Medio
Liberia           ,50101,40089,2488.662,2.999,26.896,Medio
Liberia           ,50101,40128,2481.226,2.463,26.157,Bajo Medio
Liberia           ,50101,40134,2409.116,1.86,18.995,Bajo
Liberia           ,50101,40158,2483.93,0.653,26.426,Bajo Medio
Liberia           ,50101,40231,2480.094,0.852,26.045,Bajo Medio
Liberia           ,50101,40233,2508.611,2.547,28.877,Medio
Liberia           ,50101,40242,2467.166,0.528,24.761,Bajo Medio
Liberia           ,50101,40250,2526.064,2.971,30.611,Alto Medio
Liberia           ,50101,40276,2470.38,2.687,25.08,Bajo Medio
Liberia           ,50101,40286,2506.052,3.325,28.623,Medio
Liberia           ,50101,40313,2520.094,0.0,30.018,Alto Medio
Liberia           ,50101,40327,2492.893,0.819,27.316,Medio
Liberia           ,50101,40328,2491.78,2.483,27.205,Medio
Liberia           ,50101,40340,2494.443,2.764,27.47,Medio
Liberia           ,50101,40419,2522.356,3.234,30.242,Alto Medio
Liberia           ,50101,40422,2406.888,2.868,18.774,Bajo
Liberia           ,50101,40424,2497.319,3.181,27.756,Medio
Liberia           ,50101,40437,2493.865,0.739,27.413,Medio
Liberia           ,50101,40441,2511.255,2.475,29.14,Medio
Liberia           ,50101,40463,2570.106,3.002,34.985,Alto Medio
Liberia           ,50101,40465,2529.526,0.0,30.954,Alto Medio
Liberia           ,50101,40467,2579.159,3.026,35.884,Alto Medio
Liberia           ,50101,40496,2542.43,3.536,32.236,Alto Medio
Liberia           ,50101,40523,2492.015,3.239,27.229,Medio
Liberia           ,50101,40529,2473.358,0.792,25.376,Bajo Medio
Liberia           ,50101,40534,2488.053,2.661,26.835,Medio
Liberia           ,50101,40547,2525.994,2.797,30.604,Alto Medio
Liberia           ,50101,40574,2491.263,2.392,27.154,Medio
Liberia           ,50101,40589,2455.045,2.359,23.557,Bajo Medio
Liberia           ,50101,40611,2470.074,0.768,25.05,Bajo Medio
Liberia           ,50101,40612,2532.088,3.294,31.209,Alto Medio
Liberia           ,50101,40634,2519.879,0.589,29.996,Alto Medio
Liberia           ,50101,40652,2501.804,0.615,28.201,Medio
Liberia           ,50101,40662,2439.035,5.836,21.967,Bajo Medio
Liberia           ,50101,40668,2514.947,2.106,29.506,Medio
Liberia           ,50101,40676,2531.115,2.598,31.112,Alto Medio
Liberia           ,50101,40683,2521.933,0.601,30.2,Alto Medio
Liberia           ,50101,40686,2508.5,2.715,28.866,Medio
Liberia           ,50101,40704,2477.674,2.35,25.804,Bajo Medio
Liberia           ,50101,40735,2515.837,0.628,29.595,Medio
Liberia           ,50101,40736,2485.889,0.838,26.62,Bajo Medio
Liberia           ,50101,40741,2485.976,2.448,26.629,Medio
Liberia           ,50101,40744,2496.184,0.7,27.643,Medio
Liberia           ,50101,40747,2469.154,2.306,24.958,Bajo Medio
Liberia           ,50101,40752,2551.887,3.038,33.175,Alto Medio
Liberia           ,50101,40755,2430.852,10.378,21.154,Bajo Medio
Liberia           ,50101,40764,2514.101,0.822,29.422,Medio
Liberia           ,50101,40782,2468.566,2.3,24.9,Bajo Medio
Liberia           ,50101,40827,2555.118,3.649,33.496,Alto Medio
Liberia           ,50101,40828,2465.064,3.196,24.552,Bajo Medio
Liberia           ,50101,40844,2484.811,0.0,26.513,Bajo Medio
Liberia           ,50101,40845,2506.176,0.559,28.635,Medio
Liberia           ,50101,40860,2541.367,3.333,32.13,Alto Medio
Liberia           ,50101,40864,2482.483,0.0,26.282,Bajo Medio
Liberia           ,50101,40865,2492.428,2.462,27.27,Medio
Liberia           ,50101,40914,2504.321,0.872,28.451,Medio
Liberia           ,50101,40925,2517.725,2.294,29.782,Medio
Liberia           ,50101,40937,2526.118,2.621,30.616,Alto Medio
Liberia           ,50101,40950,2471.95,2.564,25.236,Bajo Medio
Liberia           ,50101,40951,2505.34,0.72,28.552,Medio
Liberia           ,50101,40958,2520.643,0.63,30.072,Alto Medio
Liberia           ,50101,40961,2496.507,2.697,27.675,Medio
Liberia           ,50101,40981,2501.679,2.434,28.189,Medio
Liberia           ,50101,41013,2511.75,0.0,29.189,Medio
Liberia           ,50101,41014,2524.937,0.0,30.499,Alto Medio
Liberia           ,50101,41022,2520.89,2.916,30.097,Alto Medio
Liberia           ,50101,41041,2510.979,2.645,29.112,Medio
Liberia           ,50101,41048,2507.431,2.796,28.76,Medio
Liberia           ,50101,41051,2420.683,5.032,20.144,Bajo
Liberia           ,50101,41065,2522.735,3.184,30.28,Alto Medio
Liberia           ,50101,41075,2444.821,2.346,22.541,Bajo Medio
Liberia           ,50101,41168,2514.47,0.642,29.459,Medio
Liberia           ,50101,41169,2515.227,2.58,29.534,Medio
Liberia           ,50101,41206,2515.247,3.395,29.536,Medio
Liberia           ,50101,41231,2488.74,2.333,26.903,Medio
Liberia           ,50101,41279,2375.7,6.287,15.676,Bajo
Liberia           ,50101,41284,2509.079,2.662,28.924,Medio
Liberia           ,50101,41322,2535.693,2.935,31.567,Alto Medio
Liberia           ,50101,41345,2512.683,2.772,29.281,Medio
Liberia           ,50101,41378,2500.557,2.633,28.077,Medio
Liberia           ,50101,41392,2507.785,2.432,28.795,Medio
Liberia           ,50101,41400,2525.605,2.529,30.565,Alto Medio
Liberia           ,50101,41428,2459.101,0.755,23.96,Bajo Medio
Liberia           ,50101,41429,2531.103,3.143,31.111,Alto Medio
Liberia           ,50101,41455,2514.659,2.781,29.478,Medio
Liberia           ,50101,41460,2500.925,2.378,28.114,Medio
Liberia           ,50101,41487,2516.465,0.0,29.657,Medio
Liberia           ,50101,41489,2513.194,2.792,29.332,Medio
Liberia           ,50101,41493,2522.296,0.578,30.236,Alto Medio
Liberia           ,50101,41505,2467.516,2.498,24.795,Bajo Medio
Liberia           ,50101,41518,2504.201,3.242,28.439,Medio
Liberia           ,50101,41554,2500.145,2.531,28.036,Medio
Liberia           ,50101,41560,2500.17,2.406,28.039,Medio
Liberia           ,50101,41564,2451.84,3.089,23.238,Bajo Medio
Liberia           ,50101,41587,2495.546,3.047,27.579,Medio
Liberia           ,50101,41590,2452.165,0.708,23.271,Bajo Medio
Liberia           ,50101,41592,2502.383,0.746,28.259,Medio
Liberia           ,50101,41599,2548.973,0.6,32.886,Alto Medio
Liberia           ,50101,41600,2498.837,2.514,27.906,Medio
Liberia           ,50101,41620,2471.319,2.543,25.173,Bajo Medio
Liberia           ,50101,41647,2498.791,2.455,27.902,Medio
Liberia           ,50101,41676,2480.334,0.702,26.069,Bajo Medio
Liberia           ,50101,41680,2500.587,0.862,28.08,Medio
Liberia           ,50101,41693,2482.751,0.565,26.309,Bajo Medio
Liberia           ,50101,41696,2227.984,8.521,1.005,Bajo
Liberia           ,50101,41703,2524.79,2.854,30.484,Alto Medio
Liberia           ,50101,41716,2500.815,4.955,28.103,Medio
Liberia           ,50101,41726,2503.293,0.0,28.349,Medio
Liberia           ,50101,41748,2454.084,2.988,23.461,Bajo Medio
Liberia           ,50101,41787,2525.851,2.7,30.589,Alto Medio
Liberia           ,50101,41797,2468.116,3.032,24.855,Bajo Medio
Liberia           ,50101,41799,2363.6,2.592,14.474,Bajo
Liberia           ,50101,41822,2513.966,3.038,29.409,Medio
Liberia           ,50101,41823,2543.692,4.157,32.361,Alto Medio
Liberia           ,50101,41848,2520.248,0.799,30.033,Alto Medio
Liberia           ,50101,41900,2463.379,0.696,24.385,Bajo Medio
Liberia           ,50101,41921,2409.802,2.652,19.063,Bajo
Liberia           ,50101,41925,2532.656,2.703,31.265,Alto Medio
Liberia           ,50101,41955,2542.608,2.946,32.254,Alto Medio
Liberia           ,50101,41969,2461.972,2.208,24.245,Bajo Medio
Liberia           ,50101,41971,2520.946,0.63,30.102,Alto Medio
Liberia           ,50101,41972,2545.775,0.0,32.568,Alto Medio
Liberia           ,50101,41988,2506.71,0.681,28.688,Medio
Liberia           ,50101,42017,2495.006,2.612,27.526,Medio
Liberia           ,50101,42029,2468.308,3.248,24.874,Bajo Medio
Liberia           ,50101,42035,2394.455,12.372,17.539,Bajo
Liberia           ,50101,42040,2446.694,2.734,22.727,Bajo Medio
Liberia           ,50101,42049,2449.327,0.708,22.989,Bajo Medio
Liberia           ,50101,42064,2494.955,0.725,27.521,Medio
Liberia           ,50101,42067,2519.825,0.0,29.991,Alto Medio
Liberia           ,50101,42074,2501.998,2.47,28.22,Medio
Liberia           ,50101,42090,2513.369,3.004,29.35,Medio
Liberia           ,50101,42157,2521.383,0.687,30.146,Alto Medio
Liberia           ,50101,42158,2579.143,0.789,35.882,Alto Medio
Liberia           ,50101,42169,2458.96,2.501,23.946,Bajo Medio
Liberia           ,50101,42188,2485.652,0.706,26.597,Bajo Medio
Liberia           ,50101,42201,2580.338,3.582,36.001,Alto Medio
Liberia           ,50101,42220,2518.956,0.639,29.905,Medio
Liberia           ,50101,42223,2516.84,0.67,29.694,Medio
Liberia           ,50101,42244,2491.796,2.628,27.207,Medio
Liberia           ,50101,42258,2472.053,0.622,25.246,Bajo Medio
Liberia           ,50101,42271,2511.226,3.072,29.137,Medio
Liberia           ,50101,42275,2507.969,3.695,28.813,Medio
Liberia           ,50101,42283,2507.23,2.52,28.74,Medio
Liberia           ,50101,42287,2569.365,0.795,34.911,Alto Medio
Liberia           ,50101,42316,2486.442,0.57,26.675,Medio
Liberia           ,50101,42337,2521.101,2.656,30.118,Alto Medio
Liberia           ,50101,42341,2483.742,2.659,26.407,Bajo Medio
Liberia           ,50101,42343,2482.597,3.174,26.293,Bajo Medio
Liberia           ,50101,42382,2493.879,3.16,27.414,Medio
Liberia           ,50101,42399,2487.593,2.399,26.79,Medio
Liberia           ,50101,42402,2508.288,0.749,28.845,Medio
Liberia           ,50101,42413,2475.709,2.253,25.609,Bajo Medio
Liberia           ,50101,42436,2484.532,3.561,26.486,Bajo Medio
Liberia           ,50101,42446,2497.216,0.755,27.745,Medio
Liberia           ,50101,42451,2566.137,2.826,34.591,Alto Medio
Liberia           ,50101,42472,2475.734,4.511,25.612,Bajo Medio
Liberia           ,50101,42478,2495.773,0.0,27.602,Medio
Liberia           ,50101,42487,2498.139,2.864,27.837,Medio
Liberia           ,50101,42499,2531.753,2.521,31.176,Alto Medio
Liberia           ,50101,42550,2534.806,0.869,31.479,Alto Medio
Liberia           ,50101,42557,2512.998,0.792,29.313,Medio
Liberia           ,50101,42562,2459.487,0.695,23.998,Bajo Medio
Liberia           ,50101,42566,2491.08,2.267,27.136,Medio
Liberia           ,50101,42574,2519.685,2.491,29.977,Alto Medio
Liberia           ,50101,42577,2515.019,0.641,29.514,Medio
Liberia           ,50101,42594,2495.03,0.0,27.528,Medio
Liberia           ,50101,42596,2457.277,4.358,23.779,Bajo Medio
Liberia           ,50101,42628,2520.745,0.664,30.082,Alto Medio
Liberia           ,50101,42652,2530.716,2.085,31.073,Alto Medio
Liberia           ,50101,42669,2553.976,0.602,33.383,Alto Medio
Liberia           ,50101,42671,2499.288,2.411,27.951,Medio
Liberia           ,50101,42678,2454.973,2.885,23.55,Bajo Medio
Liberia           ,50101,42697,2529.69,3.083,30.971,Alto Medio
Liberia           ,50101,42700,2410.687,2.471,19.151,Bajo
Liberia           ,50101,42707,2495.793,3.547,27.604,Medio
Liberia           ,50101,42716,2542.912,4.96,32.284,Alto Medio
Liberia           ,50101,42749,2471.197,3.13,25.161,Bajo Medio
Liberia           ,50101,42767,2518.924,0.0,29.901,Medio
Liberia           ,50101,42769,2529.218,0.59,30.924,Alto Medio
Liberia           ,50101,42770,2499.469,3.239,27.969,Medio
Liberia           ,50101,42771,2467.856,2.219,24.829,Bajo Medio
Liberia           ,50101,42778,2518.353,0.603,29.845,Medio
Liberia           ,50101,42780,2499.792,2.345,28.001,Medio
Liberia           ,50101,42791,2506.893,0.799,28.706,Medio
Liberia           ,50101,42793,2496.525,2.849,27.677,Medio
Liberia           ,50101,42830,2472.29,3.278,25.27,Bajo Medio
Liberia           ,50101,42833,2545.777,0.829,32.568,Alto Medio
Liberia           ,50101,42836,2526.528,3.801,30.657,Alto Medio
Liberia           ,50101,42857,2263.291,3.577,4.512,Bajo
Liberia           ,50101,42864,2511.433,2.593,29.157,Medio
Liberia           ,50101,42878,2517.087,0.622,29.719,Medio
Liberia           ,50101,42882,2484.699,2.425,26.502,Bajo Medio
Liberia           ,50101,42884,2463.0,2.933,24.347,Bajo Medio
Liberia           ,50101,42925,2476.013,3.739,25.639,Bajo Medio
Liberia           ,50101,42941,2460.766,0.539,24.125,Bajo Medio
Liberia           ,50101,43000,2572.876,0.0,35.26,Alto Medio
Liberia           ,50101,43003,2456.116,2.608,23.663,Bajo Medio
Liberia           ,50101,43006,2497.378,3.333,27.761,Medio
Liberia           ,50101,43013,2485.333,0.574,26.565,Bajo Medio
Liberia           ,50101,43017,2500.357,0.557,28.057,Medio
Liberia           ,50101,43043,2495.097,2.925,27.535,Medio
Liberia           ,50101,43080,2515.593,0.674,29.571,Medio
Liberia           ,50101,43102,2502.821,0.59,28.302,Medio
Liberia           ,50101,43124,2571.732,0.0,35.146,Alto Medio
Liberia           ,50101,43141,2488.721,2.377,26.902,Medio
Liberia           ,50101,43145,2510.363,0.729,29.051,Medio
Liberia           ,50101,43168,2447.221,2.925,22.78,Bajo Medio
Liberia           ,50101,43177,2502.2,0.688,28.24,Medio
Liberia           ,50101,43179,2449.925,2.922,23.048,Bajo Medio
Liberia           ,50101,43181,2468.963,0.794,24.939,Bajo Medio
Liberia           ,50101,43189,2500.645,0.676,28.086,Medio
Liberia           ,50101,43194,2486.913,2.606,26.722,Medio
Liberia           ,50101,43221,2365.135,1.72,14.627,Bajo
Liberia           ,50101,43224,2515.581,2.644,29.569,Medio
Liberia           ,50101,43248,2564.801,2.829,34.458,Alto Medio
Liberia           ,50101,43268,2521.339,2.879,30.141,Alto Medio
Liberia           ,50101,43272,2463.578,2.751,24.404,Bajo Medio
Liberia           ,50101,43278,2483.256,0.552,26.359,Bajo Medio
Liberia           ,50101,43324,2527.16,2.706,30.719,Alto Medio
Liberia           ,50101,43336,2478.275,7.93,25.864,Bajo Medio
Liberia           ,50101,43346,2491.701,0.0,27.198,Medio
Liberia           ,50101,43393,2472.502,3.01,25.291,Bajo Medio
Liberia           ,50101,43403,2570.578,0.0,35.032,Alto Medio
Liberia           ,50101,43438,2413.802,2.494,19.46,Bajo
Liberia           ,50101,43439,2405.154,4.212,18.602,Bajo
Liberia           ,50101,43450,2531.905,2.614,31.191,Alto Medio
Liberia           ,50101,43454,2507.134,2.482,28.73,Medio
Liberia           ,50101,43486,2520.082,2.901,30.016,Alto Medio
Liberia           ,50101,43489,2547.838,3.618,32.773,Alto Medio
Liberia           ,50101,43503,2467.448,0.57,24.789,Bajo Medio
Liberia           ,50101,43513,2416.6,0.594,19.738,Bajo
Liberia           ,50101,43514,2496.442,2.406,27.668,Medio
Liberia           ,50101,43516,2525.844,3.217,30.589,Alto Medio
Liberia           ,50101,43521,2484.329,2.657,26.465,Bajo Medio
Liberia           ,50101,43560,2487.499,0.61,26.78,Medio
Liberia           ,50101,43562,2521.764,2.758,30.183,Alto Medio
Liberia           ,50101,43572,2503.804,3.062,28.4,Medio
Liberia           ,50101,43577,2460.41,4.416,24.09,Bajo Medio
Liberia           ,50101,43584,2491.489,0.672,27.177,Medio
Liberia           ,50101,43586,2462.395,2.757,24.287,Bajo Medio
Liberia           ,50101,43592,2499.579,0.694,27.98,Medio
Liberia           ,50101,43611,2466.77,0.0,24.721,Bajo Medio
Liberia           ,50101,43616,2511.518,3.863,29.166,Medio
Liberia           ,50101,43634,2484.712,3.243,26.503,Bajo Medio
Liberia           ,50101,43653,2465.924,2.149,24.637,Bajo Medio
Liberia           ,50101,43656,2456.538,0.696,23.705,Bajo Medio
Liberia           ,50101,43659,2489.292,0.741,26.958,Medio
Liberia           ,50101,43662,2533.666,4.349,31.366,Alto Medio
Liberia           ,50101,43664,2537.228,2.47,31.719,Alto Medio
Liberia           ,50101,43713,2515.537,6.982,29.565,Medio
Liberia           ,50101,43717,2543.753,3.995,32.367,Alto Medio
Liberia           ,50101,43720,2522.573,0.0,30.264,Alto Medio
Liberia           ,50101,43722,2487.084,0.0,26.739,Medio
Liberia           ,50101,43733,2516.443,2.904,29.655,Medio
Liberia           ,50101,43734,2446.141,0.653,22.672,Bajo Medio
Liberia           ,50101,43763,2587.558,3.384,36.718,Alto
Liberia           ,50101,43767,2496.39,2.435,27.663,Medio
Liberia           ,50101,43771,2537.239,8.184,31.72,Alto Medio
Liberia           ,50101,43795,2446.007,0.663,22.659,Bajo Medio
Liberia           ,50101,43815,2502.593,3.514,28.279,Medio
Liberia           ,50101,43822,2411.125,15.792,19.195,Bajo
Liberia           ,50101,43835,2507.901,2.165,28.807,Medio
Liberia           ,50101,43869,2454.428,3.696,23.496,Bajo Medio
Liberia           ,50101,43874,2448.131,0.872,22.87,Bajo Medio
Liberia           ,50101,43884,2538.931,2.9,31.889,Alto Medio
Liberia           ,50101,43908,2493.884,2.863,27.414,Medio
Liberia           ,50101,43910,2462.566,4.091,24.304,Bajo Medio
Liberia           ,50101,43927,2475.543,2.439,25.593,Bajo Medio
Liberia           ,50101,43950,2446.445,2.059,22.703,Bajo Medio
Liberia           ,50101,43984,2507.835,0.892,28.8,Medio
Liberia           ,50101,43992,2530.589,4.272,31.06,Alto Medio
Liberia           ,50101,44006,2507.875,3.15,28.804,Medio
Liberia           ,50101,44010,2558.385,4.26,33.821,Alto Medio
Liberia           ,50101,44014,2463.336,0.0,24.38,Bajo Medio
Liberia           ,50101,44036,2535.765,3.291,31.574,Alto Medio
Liberia           ,50101,44041,2571.88,0.863,35.161,Alto Medio
Liberia           ,50101,44043,2560.464,10.253,34.027,Alto Medio
Liberia           ,50101,44044,2494.672,3.291,27.493,Medio
Liberia           ,50101,44047,2484.828,0.797,26.515,Bajo Medio
Liberia           ,50101,44063,2488.391,4.651,26.869,Medio
Liberia           ,50101,44081,2476.807,2.257,25.718,Bajo Medio
Liberia           ,50101,44085,2523.761,0.0,30.382,Alto Medio
Liberia           ,50101,44101,2540.543,3.643,32.049,Alto Medio
Liberia           ,50101,44126,2460.128,3.047,24.062,Bajo Medio
Liberia           ,50101,44145,2484.596,0.683,26.492,Bajo Medio
Liberia           ,50101,44161,2489.668,3.092,26.996,Medio
Liberia           ,50101,44167,2511.797,2.544,29.194,Medio
Liberia           ,50101,44193,2460.351,2.288,24.084,Bajo Medio
Liberia           ,50101,44203,2523.752,0.68,30.381,Alto Medio
Liberia           ,50101,44237,2455.804,2.832,23.632,Bajo Medio
Liberia           ,50101,44258,2503.295,3.234,28.349,Medio
Liberia           ,50101,44259,2560.323,92.163,34.013,Alto Medio
Liberia           ,50101,44263,2411.659,0.64,19.248,Bajo
Liberia           ,50101,44273,2503.726,2.633,28.392,Medio
Liberia           ,50101,44317,2527.24,3.714,30.727,Alto Medio
Liberia           ,50101,44329,2506.872,0.0,28.704,Medio
Liberia           ,50101,44344,2412.067,1.963,19.288,Bajo
Liberia           ,50101,44363,2407.58,2.239,18.843,Bajo
Liberia           ,50101,44375,2501.437,3.553,28.165,Medio
Liberia           ,50101,44382,2498.86,2.1,27.909,Medio
Liberia           ,50101,44387,2540.952,0.851,32.089,Alto Medio
Liberia           ,50101,44451,2484.251,3.29,26.458,Bajo Medio
Liberia           ,50101,44471,2514.677,2.905,29.48,Medio
Liberia           ,50101,44485,2475.569,3.127,25.595,Bajo Medio
Liberia           ,50101,44497,2577.659,3.434,35.735,Alto Medio
Liberia           ,50101,44511,2470.378,2.376,25.08,Bajo Medio
Liberia           ,50101,44513,2533.523,0.0,31.351,Alto Medio
Liberia           ,50101,44524,2533.869,2.625,31.386,Alto Medio
Liberia           ,50101,44539,2566.249,2.766,34.602,Alto Medio
Liberia           ,50101,44543,2483.984,2.726,26.431,Bajo Medio
Liberia           ,50101,44577,2530.641,0.909,31.065,Alto Medio
Liberia           ,50101,44583,2509.134,3.375,28.929,Medio
Liberia           ,50101,44667,2572.815,0.767,35.254,Alto Medio
Liberia           ,50101,44679,2502.007,2.907,28.221,Medio
Liberia           ,50101,44683,2492.883,0.0,27.315,Medio
Liberia           ,50101,44684,2526.069,0.801,30.611,Alto Medio
Liberia           ,50101,44690,2362.574,2.356,14.372,Bajo
Liberia           ,50101,44729,2371.403,0.878,15.249,Bajo
Liberia           ,50101,44732,2472.405,2.368,25.281,Bajo Medio
Liberia           ,50101,44745,2549.167,2.581,32.905,Alto Medio
Liberia           ,50101,44761,2505.653,2.512,28.583,Medio
Liberia           ,50101,44763,2526.101,0.0,30.614,Alto Medio
Liberia           ,50101,44776,2291.328,18.816,7.296,Bajo
Liberia           ,50101,44791,2492.376,3.826,27.265,Medio
Liberia           ,50101,44795,2453.306,0.67,23.384,Bajo Medio
Liberia           ,50101,44805,2549.394,2.735,32.928,Alto Medio
Liberia           ,50101,44819,2545.436,0.644,32.535,Alto Medio
Liberia           ,50101,44839,2507.526,0.714,28.769,Medio
Liberia           ,50101,44844,2501.509,2.576,28.172,Medio
Liberia           ,50101,44860,2516.524,0.686,29.663,Medio
Liberia           ,50101,44863,2497.549,0.0,27.778,Medio
Liberia           ,50101,44882,2528.527,2.953,30.855,Alto Medio
Liberia           ,50101,44895,2284.805,29.772,6.648,Bajo
Liberia           ,50101,44906,2536.658,0.0,31.663,Alto Medio
Liberia           ,50101,44907,2510.94,0.613,29.108,Medio
Liberia           ,50101,44938,2539.945,2.861,31.989,Alto Medio
Liberia           ,50101,44943,2494.399,3.239,27.466,Medio
Liberia           ,50101,44985,2473.481,0.772,25.388,Bajo Medio
Liberia           ,50101,44986,2515.747,3.605,29.586,Medio
Liberia           ,50101,44989,2564.246,4.347,34.403,Alto Medio
Liberia           ,50101,44994,2497.792,0.681,27.802,Medio
Liberia           ,50101,45011,2539.828,2.803,31.978,Alto Medio
Liberia           ,50101,45019,2504.134,2.402,28.432,Medio
Liberia           ,50101,45029,2492.065,0.595,27.234,Medio
Liberia           ,50101,45030,2501.363,2.829,28.157,Medio
Liberia           ,50101,45033,2465.924,2.44,24.637,Bajo Medio
Liberia           ,50101,45045,2538.12,2.664,31.808,Alto Medio
Liberia           ,50101,45085,2525.412,2.067,30.546,Alto Medio
Liberia           ,50101,45093,2522.025,0.0,30.209,Alto Medio
Liberia           ,50101,45095,2488.752,0.552,26.905,Medio
Liberia           ,50101,45118,2413.158,22.712,19.397,Bajo
Liberia           ,50101,45123,2549.142,2.734,32.903,Alto Medio
Liberia           ,50101,45139,2514.027,2.702,29.415,Medio
Liberia           ,50101,45220,2494.044,0.821,27.43,Medio
Liberia           ,50101,45246,2451.368,3.004,23.192,Bajo Medio
Liberia           ,50101,45260,2503.429,0.0,28.362,Medio
Liberia           ,50101,45289,2525.916,2.803,30.596,Alto Medio
Liberia           ,50101,45330,2518.3,2.739,29.839,Medio
Liberia           ,50101,45357,2498.719,2.783,27.895,Medio
Liberia           ,50101,45363,2515.133,3.319,29.525,Medio
Liberia           ,50101,45376,2518.479,2.568,29.857,Medio
Liberia           ,50101,45377,2481.009,2.35,26.136,Bajo Medio
Liberia           ,50101,45384,2503.694,2.713,28.389,Medio
Liberia           ,50101,45396,2519.298,2.94,29.939,Alto Medio
Liberia           ,50101,45401,2519.02,0.811,29.911,Alto Medio
Liberia           ,50101,45423,2461.24,0.0,24.172,Bajo Medio
Liberia           ,50101,45424,2514.368,3.509,29.449,Medio
Liberia           ,50101,45453,2505.894,2.029,28.607,Medio
Liberia           ,50101,45481,2498.252,2.66,27.848,Medio
Liberia           ,50101,45529,2520.164,0.0,30.025,Alto Medio
Liberia           ,50101,45547,2491.793,0.808,27.207,Medio
Liberia           ,50101,45589,2465.519,2.393,24.597,Bajo Medio
Liberia           ,50101,45593,2520.662,0.615,30.074,Alto Medio
Liberia           ,50101,45606,2493.905,0.766,27.417,Medio
Liberia           ,50101,45647,2523.746,2.716,30.38,Alto Medio
Liberia           ,50101,45682,2536.033,0.0,31.601,Alto Medio
Liberia           ,50101,45710,2506.21,2.458,28.639,Medio
Liberia           ,50101,45718,2455.126,0.56,23.565,Bajo Medio
Liberia           ,50101,45796,2521.289,0.798,30.136,Alto Medio
Liberia           ,50101,45797,2521.173,2.788,30.125,Alto Medio
Liberia           ,50101,45838,2552.181,2.505,33.205,Alto Medio
Liberia           ,50101,45841,2502.319,2.637,28.252,Medio
Liberia           ,50101,45891,2367.488,12.381,14.861,Bajo
Liberia           ,50101,45892,2575.631,2.646,35.534,Alto Medio
Liberia           ,50101,45899,2448.62,2.478,22.919,Bajo Medio
Liberia           ,50101,45917,2570.185,3.77,34.993,Alto Medio
Liberia           ,50101,45923,2522.442,2.813,30.251,Alto Medio
Liberia           ,50101,45927,2519.007,3.615,29.91,Medio
Liberia           ,50101,45934,2483.715,0.706,26.404,Bajo Medio
Liberia           ,50101,45956,2499.776,2.12,28.0,Medio
Liberia           ,50101,45990,2508.022,0.0,28.819,Medio
Liberia           ,50101,46000,2509.096,2.623,28.925,Medio
Liberia           ,50101,46003,2468.453,2.3,24.889,Bajo Medio
Liberia           ,50101,46005,2585.263,3.99,36.49,Alto
Liberia           ,50101,46010,2457.927,0.617,23.843,Bajo Medio
Liberia           ,50101,46020,2577.355,3.617,35.705,Alto Medio
Liberia           ,50101,72419,2265.035,1.583,4.685,Bajo
Liberia           ,50101,72420,2255.896,10.56,3.777,Bajo
Liberia           ,50101,72421,2286.648,4.963,6.831,Bajo
Liberia           ,50101,72422,2389.386,27.639,17.036,Bajo
Liberia           ,50101,72423,2309.649,42.959,9.116,Bajo
Liberia           ,50101,72424,2434.147,17.086,21.481,Bajo Medio
Liberia           ,50101,72425,2464.899,8.863,24.536,Bajo Medio
Liberia           ,50101,72426,2490.875,10.227,27.116,Medio
Liberia           ,50101,72427,2477.855,15.381,25.822,Bajo Medio
Liberia           ,50101,72428,2361.165,25.457,14.233,Bajo
Liberia           ,50101,72429,2341.417,10.359,12.271,Bajo
Liberia           ,50101,72430,2357.35,6.977,13.854,Bajo
Liberia           ,50101,72431,2390.639,17.418,17.16,Bajo
Liberia           ,50101,72432,2425.552,7.179,20.628,Bajo Medio
Liberia           ,50101,72433,2437.291,8.686,21.794,Bajo Medio
Liberia           ,50101,72434,2436.236,7.791,21.689,Bajo Medio
Liberia           ,50101,72435,2449.453,2.648,23.001,Bajo Medio
Liberia           ,50101,72436,2454.744,3.267,23.527,Bajo Medio
Liberia           ,50101,72437,2473.964,3.494,25.436,Bajo Medio
Liberia           ,50101,72438,2477.711,3.017,25.808,Bajo Medio
Liberia           ,50101,72439,2477.779,1.571,25.815,Bajo Medio
Liberia           ,50101,72440,2468.219,1.633,24.865,Bajo Medio
Liberia           ,50101,72441,2479.445,3.015,25.98,Bajo Medio
Liberia           ,50101,72442,2481.694,0.558,26.204,Bajo Medio
Liberia           ,50101,72443,2441.668,2.426,22.228,Bajo Medio
Liberia           ,50101,72444,2506.879,2.891,28.705,Medio
Liberia           ,50101,72445,2503.727,2.419,28.392,Medio
Liberia           ,50101,72446,2510.834,4.6,29.098,Medio
Liberia           ,50101,72447,2487.822,3.014,26.812,Medio
Liberia           ,50101,72448,2500.039,3.655,28.026,Medio
Liberia           ,50101,72449,2493.157,2.469,27.342,Medio
Liberia           ,50101,72450,2516.906,2.483,29.701,Medio
Liberia           ,50101,72451,2537.597,2.1,31.756,Alto Medio
Liberia           ,50101,72452,2549.229,5.334,32.911,Alto Medio
Liberia           ,50101,72453,2518.268,2.986,29.836,Medio
Liberia           ,50101,72454,2624.537,65.642,40.391,Alto
Liberia           ,50101,72455,2984.992,99.493,76.192,Alto
Liberia           ,50101,72456,2754.821,103.788,53.331,Alto
Liberia           ,50101,72457,2525.671,4.061,30.572,Alto Medio
Liberia           ,50101,72458,2285.065,4.217,6.674,Bajo
Liberia           ,50101,72459,2470.658,4.685,25.108,Bajo Medio
Liberia           ,50101,72460,2499.284,0.848,27.951,Medio
Liberia           ,50101,72461,2330.361,41.791,11.173,Bajo
Liberia           ,50101,72842,2519.622,14.488,29.971,Alto Medio
Cañas Dulces      ,50102,154,2777.456,4.39,55.579,Alto
Cañas Dulces      ,50102,769,2740.702,8.021,51.929,Alto
Cañas Dulces      ,50102,2406,2784.82,2.954,56.311,Alto
Cañas Dulces      ,50102,2887,2767.718,11.384,54.612,Alto
Cañas Dulces      ,50102,7600,2813.774,2.683,59.186,Alto
Cañas Dulces      ,50102,9217,2868.785,27.825,64.65,Alto
Cañas Dulces      ,50102,10925,2823.831,3.486,60.185,Alto
Cañas Dulces      ,50102,12666,2760.095,4.849,53.855,Alto
Cañas Dulces      ,50102,14543,3026.252,101.229,80.29,Alto
Cañas Dulces      ,50102,15738,2677.601,9.22,45.661,Alto
Cañas Dulces      ,50102,19816,2759.746,4.636,53.82,Alto
Cañas Dulces      ,50102,20249,2773.213,16.556,55.158,Alto
Cañas Dulces      ,50102,20998,2697.27,3.383,47.615,Alto
Cañas Dulces      ,50102,21713,2699.255,4.031,47.812,Alto
Cañas Dulces      ,50102,22735,2786.631,3.909,56.49,Alto
Cañas Dulces      ,50102,23147,2699.424,2.658,47.829,Alto
Cañas Dulces      ,50102,26437,2812.467,5.437,59.056,Alto
Cañas Dulces      ,50102,26617,2784.172,7.889,56.246,Alto
Cañas Dulces      ,50102,29528,2769.057,0.747,54.745,Alto
Cañas Dulces      ,50102,30219,2777.829,5.4,55.616,Alto
Cañas Dulces      ,50102,32903,2685.04,5.098,46.4,Alto
Cañas Dulces      ,50102,33318,2842.952,26.64,62.084,Alto
Cañas Dulces      ,50102,71397,2562.88,63.255,34.267,Alto Medio
Cañas Dulces      ,50102,71398,2682.536,57.846,46.152,Alto
Cañas Dulces      ,50102,71399,2717.966,27.267,49.671,Alto
Cañas Dulces      ,50102,71400,2871.231,78.8,64.893,Alto
Cañas Dulces      ,50102,71401,2769.413,30.583,54.78,Alto
Cañas Dulces      ,50102,71402,2749.895,6.007,52.842,Alto
Cañas Dulces      ,50102,71403,2767.81,3.658,54.621,Alto
Cañas Dulces      ,50102,71404,2816.476,11.801,59.455,Alto
Cañas Dulces      ,50102,71405,3030.899,59.86,80.751,Alto
Mayorga           ,50103,4086,3000.597,8.333,77.742,Alto
Mayorga           ,50103,7158,3001.565,23.508,77.838,Alto
Mayorga           ,50103,7216,3007.358,13.101,78.413,Alto
Mayorga           ,50103,8090,2962.868,13.244,73.995,Alto
Mayorga           ,50103,8562,3006.053,1.779,78.284,Alto
Mayorga           ,50103,9725,3061.465,9.763,83.787,Alto
Mayorga           ,50103,12113,3002.82,2.263,77.963,Alto
Mayorga           ,50103,14575,3061.146,3.434,83.756,Alto
Mayorga           ,50103,14985,2987.282,0.0,76.419,Alto
Mayorga           ,50103,15427,3003.852,2.837,78.065,Alto
Mayorga           ,50103,19061,3006.145,0.0,78.293,Alto
Mayorga           ,50103,19102,2989.147,1.901,76.605,Alto
Mayorga           ,50103,19598,3006.145,0.0,78.293,Alto
Mayorga           ,50103,27055,3034.734,22.415,81.132,Alto
Mayorga           ,50103,31332,3000.851,1.907,77.767,Alto
Mayorga           ,50103,31988,2991.04,2.657,76.793,Alto
Mayorga           ,50103,32169,3002.002,2.277,77.881,Alto
Mayorga           ,50103,35640,2986.813,5.904,76.373,Alto
Mayorga           ,50103,35807,3001.074,1.958,77.789,Alto
Mayorga           ,50103,36630,3122.619,30.274,89.861,Alto
Mayorga           ,50103,70754,3065.93,133.56,84.231,Alto
Mayorga           ,50103,70755,3224.699,29.748,100.0,Alto
Mayorga           ,50103,70756,3029.375,5.273,80.6,Alto
Mayorga           ,50103,70757,2840.464,55.924,61.837,Alto
Mayorga           ,50103,70758,2927.5,36.181,70.482,Alto
Nacascolo         ,50104,3409,2608.728,74.909,38.821,Alto
Nacascolo         ,50104,4562,2750.635,34.325,52.915,Alto
Nacascolo         ,50104,4647,2324.849,19.523,10.626,Bajo
Nacascolo         ,50104,5985,2453.193,17.044,23.373,Bajo Medio
Nacascolo         ,50104,6671,2301.886,0.999,8.345,Bajo
Nacascolo         ,50104,7958,2296.886,1.014,7.848,Bajo
Nacascolo         ,50104,9205,2298.906,1.399,8.049,Bajo
Nacascolo         ,50104,11862,2300.264,1.964,8.184,Bajo
Nacascolo         ,50104,12914,2304.91,1.462,8.645,Bajo
Nacascolo         ,50104,13008,2300.887,0.0,8.246,Bajo
Nacascolo         ,50104,15381,2818.705,27.64,59.676,Alto
Nacascolo         ,50104,17560,2295.816,0.858,7.742,Bajo
Nacascolo         ,50104,18909,2298.983,1.102,8.057,Bajo
Nacascolo         ,50104,20792,2793.921,34.949,57.215,Alto
Nacascolo         ,50104,21997,2295.282,2.687,7.689,Bajo
Nacascolo         ,50104,23130,2300.354,1.689,8.193,Bajo
Nacascolo         ,50104,24723,2467.274,63.004,24.771,Bajo Medio
Nacascolo         ,50104,25932,2615.381,63.252,39.482,Alto
Nacascolo         ,50104,28117,2296.214,5.216,7.782,Bajo
Nacascolo         ,50104,29907,2295.368,2.36,7.698,Bajo
Nacascolo         ,50104,32800,2409.434,18.818,19.027,Bajo
Nacascolo         ,50104,35203,2289.578,2.694,7.122,Bajo
Nacascolo         ,50104,35570,2404.277,16.153,18.514,Bajo
Nacascolo         ,50104,37589,2617.17,86.085,39.659,Alto
Nacascolo         ,50104,37727,2482.943,29.409,26.328,Bajo Medio
Nacascolo         ,50104,37760,2305.9,1.008,8.744,Bajo
Nacascolo         ,50104,38279,2294.996,0.22,7.661,Bajo
Nacascolo         ,50104,70093,2283.906,4.084,6.559,Bajo
Curubandé         ,50105,1289,2712.2,59.113,49.098,Alto
Curubandé         ,50105,2746,2554.165,0.899,33.402,Alto Medio
Curubandé         ,50105,2846,2745.356,19.761,52.391,Alto
Curubandé         ,50105,6459,2712.081,37.215,49.086,Alto
Curubandé         ,50105,7130,2524.72,5.451,30.477,Alto Medio
Curubandé         ,50105,8229,2569.717,3.545,34.946,Alto Medio
Curubandé         ,50105,8681,2645.005,46.307,42.424,Alto
Curubandé         ,50105,13091,2645.362,33.33,42.459,Alto
Curubandé         ,50105,14310,2573.995,3.037,35.371,Alto Medio
Curubandé         ,50105,15182,2521.212,0.76,30.129,Alto Medio
Curubandé         ,50105,16760,2515.406,2.599,29.552,Medio
Curubandé         ,50105,18122,2529.501,7.251,30.952,Alto Medio
Curubandé         ,50105,21568,2561.015,3.539,34.082,Alto Medio
Curubandé         ,50105,22459,2534.774,2.378,31.476,Alto Medio
Curubandé         ,50105,22579,2564.793,4.502,34.457,Alto Medio
Curubandé         ,50105,22923,2550.099,4.685,32.998,Alto Medio
Curubandé         ,50105,23571,2565.371,2.851,34.515,Alto Medio
Curubandé         ,50105,23723,2599.137,12.278,37.868,Alto
Curubandé         ,50105,26080,2558.227,0.866,33.805,Alto Medio
Curubandé         ,50105,26791,2539.112,2.764,31.906,Alto Medio
Curubandé         ,50105,30879,2550.061,5.962,32.994,Alto Medio
Curubandé         ,50105,35941,2745.0,22.544,52.356,Alto
Curubandé         ,50105,70094,2484.162,31.661,26.449,Bajo Medio
Curubandé         ,50105,70095,2558.844,3.335,33.866,Alto Medio
Curubandé         ,50105,70096,2521.132,2.717,30.121,Alto Medio
Curubandé         ,50105,70097,2530.492,4.934,31.05,Alto Medio
Curubandé         ,50105,70098,2571.57,17.933,35.13,Alto Medio
Curubandé         ,50105,70099,2609.588,22.887,38.906,Alto
Curubandé         ,50105,70100,2805.14,11.189,58.329,Alto
Curubandé         ,50105,70101,2961.158,132.339,73.825,Alto
Curubandé         ,50105,70102,2752.386,28.882,53.089,Alto
Curubandé         ,50105,72849,2541.306,6.411,32.124,Alto Medio
